"","id","definition","best_identity:db_EUKA","best_match:db_EUKA","count","family","family_name","genus","genus_name","match_count:db_EUKA","rank","scientific_name","species","species_list:db_EUKA","species_name","taxid","sequence","sequence_type","is_spermatophyta"
"EUKAP2_00000006","EUKAP2_00000006","",1,"AB608366",1509119,3700,"Brassicaceae",NA,NA,1,"family","Brassicaceae",NA,"[]",NA,3700,"ttaacgaacgagacctcagcctgctaactagctacgtggaggcatcccttcacggccggcttcttagagggactatggccgtttaggccaaggaagtttgag","EUKA02",TRUE
"EUKAP2_00000044","EUKAP2_00000044","",0.971153846154,"AJ864477",672745,29007,"Neocallimastigaceae",NA,NA,6,"family","Neocallimastigaceae",NA,"['Neocallimastix joyonii', 'Neocallimastix sp. YQ1', 'Neocallimastix frontalis', 'Orpinomyces sp. OUS1']",NA,29007,"ataacgaacgagaccttaacctgctaaatagttacgcgaatgttttctattcgtggtttaacttcttagagggactatagatttttaatctatggaagtttgag","EUKA02",FALSE
"EUKAP1_00000108","EUKAP1_00000108","",1,"AF168844",337816,4479,"Poaceae",NA,NA,1,"subfamily","Pooideae",NA,"[]",NA,147368,"ttaacgaacgagacctcagcctgctaactagctatgcggagccatccctccgcagctagcttcttagagggactatcgccgtttaggcgacggaagtttgag","EUKA02",TRUE
"EUKAP2_00000018","EUKAP2_00000018","",0.989898989899,"AJ549807",296011,NA,NA,NA,NA,13,"subclass","Lecanoromycetidae",NA,"['Usnea florida', 'Pyxine farinosa', 'Cladia aggregata', 'Allocetraria madreporiformis', 'Lecidea plana', 'Anaptychia runcinata', 'Punctelia rudecta', 'Asahinea chrysantha', 'Nephroma bellum', 'Psilolechia lucida', 'Vahliella leucophaea']",NA,388435,"ataacgaacgagaccttaacctgctaaatagccaggtcagctttggctggccgccggcttcttagagggactatcggctcaagccgatggaagtttgag","EUKA02",FALSE
"EUKAP2_00000002","EUKAP2_00000002","",1,"AF206944",200092,14101,"Juncaceae",13578,"Juncus",1,"genus","Juncus",NA,"[]",NA,13578,"ttaacgaacgagacctcagcctgctaactagctatgcggaggcaatctctccgcagctagcttcttagagggactatggccgtttaggccacggaagtttgag","EUKA02",TRUE
"EUKAP1_00000028","EUKAP1_00000028","",1,"AJ279693",180597,3514,"Betulaceae",3504,"Betula",1,"genus","Betula",NA,"[]",NA,3504,"ttaacgaacgagacctcagcctgttaactagctatgcggaggatcccctccgcggccagcttcttagagggactatggccgcttaggccacggaagtttgag","EUKA02",TRUE
"EUKAP2_00000186","EUKAP2_00000186","",0.990196078431,"EF153701",96197,3615,"Polygonaceae",76024,"Fallopia",1,"species","Fallopia multiflora",76025,"['Fallopia multiflora']","Fallopia multiflora",76025,"ttaacgaacgagacctcagcctgctaactagctatgcggagcttccgccccgcagctagcttcttagagggactatggccttttaggccacggaagtttgag","EUKA02",TRUE
"EUKAP1_00000465","EUKAP1_00000465","",0.989898989899,"HM002753",88949,1131492,"Aspergillaceae",5073,"Penicillium",2,"genus","Penicillium",NA,"['Penicillium sp.', 'Penicillium sp. D01']",NA,5073,"ataacgaacgagacctcggcccttaaatagcccggtccgcatttgcgggccgctggcttcttagggggactatcggctcaagccgatggaagtgcgcg","EUKA02",FALSE
"EUKAP1_00000186","EUKAP1_00000186","",0.989898989899,"AB016173",54865,NA,NA,NA,NA,13,"no rank","leotiomyceta",NA,"['Monilinia laxa', 'Sclerotinia trifoliorum', 'Lophium mytilinum', 'Pseudogymnoascus pannorum', 'Thelebolus microsporus', 'Pleochaeta shiraiana', 'Sclerotinia sclerotiorum', 'Microidium phyllanthi']",NA,716546,"ataacgaacgagaccttaacctgctaaatagcccggctagctttggctggtcgctggcttcttagagggactatcggctcaagccgatggaagtttgag","EUKA02",FALSE
"EUKAP1_00000177","EUKAP1_00000177","",1,"EU940024",47208,1503986,"Epibryaceae",1206334,"Epibryon",1,"species","Epibryon interlamellare",1206340,"['Epibryon interlamellare']","Epibryon interlamellare",1206340,"ataacgaacgagaccttgacctgctaaatagccagattgacttttgttggtcgccggcttcttagagggacttttggctcaagccaatggaagtacgag","EUKA02",FALSE
"EUKAP2_00000030","EUKAP2_00000030","",1,"AB005552",47442,3803,"Fabaceae",NA,NA,1,"no rank","Hologalegina",NA,"[]",NA,2233838,"ttaacgaacgagacctcagcctgctaaatagctacgtggaggtaaccctccacggccagcttcttagagggactatggccgcttaggccacggaagtttgag","EUKA02",TRUE
"EUKAP2_00000022","EUKAP2_00000022","",0.990196078431,"AB608366",60629,3700,"Brassicaceae",NA,NA,NA,"family","Brassicaceae",NA,NA,NA,3700,"ataacgaacgagacctcagcctgctaactagctacgtggaggcatcccttcacggccggcttcttagagggactatggccgtttaggccaaggaagtttgag","EUKA02",TRUE
"EUKAP1_00000039","EUKAP1_00000039","",0.99,"AJ301700",53976,NA,NA,NA,NA,5,"kingdom","Fungi",NA,"['Rhizophagus fasciculatus', 'Alternaria alternariae', 'Clarireedia homoeocarpa', 'Pezoloma ericae']",NA,4751,"ataacgaacgagaccttaacctgctaaatagccaggctagctttggctggtcgccggcttcttagagggactatcggctcaagccgatggaagtttgag","EUKA02",FALSE
"EUKAP1_00000072","EUKAP1_00000072","",0.99,"KM222205",51916,452563,"Cladosporiaceae",5498,"Cladosporium",1,"species","Cladosporium sp. CB-20",1563333,"['Cladosporium sp. CB-20']","Cladosporium sp. CB-20",1563333,"ataacgaacgagaccttaacctgctaaatagccaggcccgctttggcgggtcgccggcttcttagagggactatcggctcaagccgatggaagtttgag","EUKA02",FALSE
"EUKAP2_00000154","EUKAP2_00000154","",0.980392156863,"EF153701",44048,3615,"Polygonaceae",NA,NA,2,"tribe","Polygoneae",NA,"['Reynoutria japonica', 'Fallopia multiflora']",NA,1110385,"ttaacgaacgagacctcagcctgctaactagctatgcggggcttccgccccgcagctagcttcttagagggactatggccttttaggccacggaagtttgag","EUKA02",TRUE
"EUKAP1_00000459","EUKAP1_00000459","",0.989898989899,"KF816220",27165,1429050,"Abrothallaceae",941766,"Abrothallus",2,"genus","Abrothallus",NA,"['Abrothallus cladoniae']",NA,941766,"ataacgaacgagaccttaacctgctaaatagccaggtcagctttggctgatcgcaggcttcttagagggactatcggctcaagccgatggaagtttgag","EUKA02",FALSE
"EUKAP2_00000193","EUKAP2_00000193","",1,"HQ585899",38985,29007,"Neocallimastigaceae",4821,"Piromyces",1,"species","Piromyces sp. PGL01",935217,"['Piromyces sp. PGL01']","Piromyces sp. PGL01",935217,"ataacgaacgagaccttaacctgctaaatagttacgcgaattttttattcgtggctaacttcttagagggactatagatttttaatctatggaagtttgag","EUKA02",FALSE
"EUKAP1_00000329","EUKAP1_00000329","",1,"AF331950",33742,41253,"Dothideaceae",45096,"Dothidea",1,"species","Dothidea sp. RWT7",154309,"['Dothidea sp. RWT7']","Dothidea sp. RWT7",154309,"ataacgaacgagaccttaacctgctaaatagcccggccagctttggctggtcgccggcttcttagagggactatcggctcaagccgatggaagtttgag","EUKA02",FALSE
"EUKAP1_00000033","EUKAP1_00000033","",1,"U42478",23999,55176,"Sporormiaceae",265084,"Preussia",1,"species","Preussia lignicola",45137,"['Preussia lignicola']","Preussia lignicola",45137,"ataacgaacgagaccttaacctgctaaatagccgggctagctttggctggtcgtcggcttcttagagggactatcggctcaagccgatggaagtttgag","EUKA02",FALSE
"EUKAP1_00001012","EUKAP1_00001012","",1,"LS992094.1",19732,4479,"Poaceae",4564,"Triticum",1,"species","Triticum aestivum",4565,"['Triticum aestivum']","Triticum aestivum",4565,"ttaacgaacgagacctcagcctactaactagctatgcggagccatccctccgcagctagcttcttagagggactatcgccgtttaggcgacggaagtttgag","EUKA02",TRUE
"EUKAP2_00000240","EUKAP2_00000240","",1,"AF206996",31279,3615,"Polygonaceae",NA,NA,1,"subfamily","Polygonoideae",NA,"[]",NA,1110380,"ttaacgaacgagacctcagcctgctaactagctatgtggagttatcattccacagctagcttcttagagggactatggccttccaggccacggaagtttgag","EUKA02",TRUE
"EUKAP2_00000191","EUKAP2_00000191","",0.99,"AF287834",29946,NA,NA,NA,NA,12,"subphylum","Agaricomycotina",NA,"['Krasilnikovozyma sp.', 'Hygrophorus sordidus', 'Cystoderma amianthinum', 'Tricholoma matsutake', 'Lepista sordida', 'Pleurotus cornucopiae', 'Pholiota aff. astragalina PBM2975', 'Laccaria vinaceoavellanea']",NA,5302,"ataacgaacgagaccttaacctgctaaatagccaggccggctttcgctggtcgccggcttcttagagggactgtcagcgtctagctgacggaagtttgag","EUKA02",FALSE
"EUKAP2_00000530","EUKAP2_00000530","",0.990291262136,"AP015490",32112,3803,"Fabaceae",3913,"Vigna",1,"varietas","Vigna angularis var. angularis",3914,"['Vigna angularis']","Vigna angularis",157739,"ttaacgaacgagacctcagcctgctaaatagctatgtggaggtaaccctccacggccagcttcttagagggactatggccgcttaggccacggaagtttgag","EUKA02",TRUE
"EUKAP2_00000095","EUKAP2_00000095","",0.989898989899,"AF338393",28009,NA,NA,NA,NA,17,"subphylum","Pezizomycotina",NA,"['Sigmoidea prolifera', 'Rhizina undulata', 'Sphaerulina populicola', 'Orbilia sp. HOB-2016bf', 'Acidiella bohemica', 'Phaeoisariopsis griseola', 'Caloscypha fulgens', 'Hydnotrya cerebriformis', 'Phyllosticta capitalensis', 'Botryobambusa fusicoccum']",NA,147538,"ataacgaacgagaccttaacctgctaaatagcccggcccgctttggcgggtcgccggcttcttagagggactatcggctcaagccgatggaagtttgag","EUKA02",FALSE
"EUKAP1_00000206","EUKAP1_00000206","",1,"KJ636040",16412,43219,"Herpotrichiellaceae",82105,"Cladophialophora",1,"species","Cladophialophora scillae",470451,"['Cladophialophora scillae']","Cladophialophora scillae",470451,"ataacgaacgagaccttgacctgctaaatagcccgattgacttttgtcggtcgccggcttcttagagggacttttggctcaagccaatggaagtacgag","EUKA02",FALSE
"EUKAP1_00000011","EUKAP1_00000011","",0.989898989899,"EU940029",14375,NA,NA,NA,NA,5,"order","Chaetothyriales",NA,"['Epibryon hepaticola', 'Epibryon intercapillare', 'Epibryon sp. D TL-2012', 'Cyphellophora sessilis']",NA,34395,"ataacgaacgagaccttgacctgctaaatagcccggctgacttttgttggccgccggcttcttagagggacttttggctcaagccaatggaagtacgag","EUKA02",FALSE
"EUKAP1_00000092","EUKAP1_00000092","",0.99,"AY245658",20587,474943,"Cordycipitaceae",45234,"Cordyceps",1,"species","Cordyceps memorabilis",87750,"['Cordyceps memorabilis']","Cordyceps memorabilis",87750,"ataacgaacgagaccttaacctgctaaatagcccgtattgctttggcagtacgctggcttcttagagggactatcggctcaagccgatggaagtttgag","EUKA02",FALSE
"EUKAP1_00001538","EUKAP1_00001538","",0.989898989899,"AB022386",11553,NA,NA,NA,NA,9,"no rank","leotiomyceta",NA,"['Lecanora cinereofusca', 'Peltula imbricata', 'Thamnogalla crombiei', 'Siphula decumbens', 'Siphula fastigiata', 'Peltula obscurans', 'Peltula boletiformis']",NA,716546,"ataacgaacgagaccttaacctgctaaatagccaggctagccttggctggtcgccggcttcttagagggactatcggctcaagccgatggaagtttgag","EUKA02",FALSE
"EUKAP1_00000188","EUKAP1_00000188","",0.989898989899,"AJ232942",12889,NA,NA,NA,NA,5,"order","Chaetothyriales",NA,"['Epibryon intercapillare', 'Cladophialophora mycetomatis', 'Epibryon sp. D TL-2012']",NA,34395,"ataacgaacgagaccttgacctgctaaatagccaggttgacttttgtcggccgccggcttcttagagggacttttggctcaagccaatggaagtacgag","EUKA02",FALSE
"EUKAP2_00001219","EUKAP2_00001219","",1,"AB021689",19101,1799696,"Sporidiobolaceae",NA,NA,1,"family","Sporidiobolaceae",NA,"[]",NA,1799696,"ataacgaacgagaccttaacctgctaaatagaccagtcgactttggttgactgctgtcttcttagagggactatcagcgtttagctgatggaagtttgag","EUKA02",FALSE
"EUKAP1_00000190","EUKAP1_00000190","",0.989898989899,"EU940029",11606,1503986,"Epibryaceae",1206334,"Epibryon",3,"genus","Epibryon",NA,"['Epibryon hepaticola', 'Epibryon intercapillare', 'Epibryon sp. D TL-2012']",NA,1206334,"ataacgaacgagaccttgacctgctaaatagccaggctgactttggttggccgccggcttcttagagggacttttggctcaagccaatggaagtacgag","EUKA02",FALSE
"EUKAP2_00000008","EUKAP2_00000008","",0.99,"AY123301",16620,NA,NA,NA,NA,10,"order","Pucciniales",NA,"['Phragmidium sp. MB', 'Puccinia ursiniae', 'Puccinia smilacis', 'Phakopsora pachyrhizi', 'Diorchidium woodii', 'Pucciniastrum brachybotrydis', 'Hamaspora acutissima']",NA,5258,"ataacgaacgagaccttctcctgctaaatagtccagctggctacggctggctgctgacttcttagagggactatcaacgtttagttgatggaagttggag","EUKA02",FALSE
"EUKAP1_00000085","EUKAP1_00000085","",0.979797979798,"AJ232942",10792,NA,NA,NA,NA,18,"order","Chaetothyriales",NA,"['Epibryon hepaticola', 'Epibryon intercapillare', 'Epibryon interlamellare', 'Epibryon sp. D TL-2012', 'Epibryon sp. E TL-2012', 'Cladophialophora mycetomatis']",NA,34395,"ataacgaacgagaccttgacctgctaaatagcccggttgacttttgttgaccgccggcttcttagagggacttttggctcaagccaatggaagtacgag","EUKA02",FALSE
"EUKAP2_00000474","EUKAP2_00000474","",1,"FJ601842",14754,1804623,"Chenopodiaceae",NA,NA,1,"tribe","Atripliceae",NA,"[]",NA,1307774,"ttaacgaacgagacctcagcctgctaactagctatgcggaggtataccttcgcagctagcttcttagagggactatggccttttaggccacggaagtttgag","EUKA02",TRUE
"EUKAP1_00003256","EUKAP1_00003256","",0.990196078431,"AF168844",15187,4479,"Poaceae",NA,NA,29,"subfamily","Pooideae",NA,"['Triticum aestivum', 'Lolium multiflorum']",NA,147368,"ataacgaacgagacctcagcctgctaactagctatgcggagccatccctccgcagctagcttcttagagggactatcgccgtttaggcgacggaagtttgag","EUKA02",TRUE
"EUKAP300000070","EUKAP300000070","",0.990196078431,"AF193943",6869,NA,NA,NA,NA,5,"no rank","Mesangiospermae",NA,"['Cassytha filiformis', 'Pelargonium capitatum', 'Tinospora malabarica']",NA,1437183,"ttaacgaacgagacctcagcctgctaactagctacgtggaggtgaccctccacggccagcttcttagagggactatggccgtttaggccaaggaagtttgag","EUKA02",TRUE
"EUKAP2_00001065","EUKAP2_00001065","",1,"EU192362",6106,742845,"Malasseziaceae",55193,"Malassezia",1,"genus","Malassezia",NA,"[]",NA,55193,"ataacgaacgagaccttaacctgctaaatagcccagtcgactatggttggctgctggcttcttagagggactattggcgtttagccaatggaagtttgag","EUKA02",FALSE
"EUKAP2_00001127","EUKAP2_00001127","",0.980198019802,"AY234179",13673,1884633,"Cryptococcaceae",5206,"Cryptococcus",1,"species","Cryptococcus sp. AspoyC",228937,"['Cryptococcus sp. AspoyC']","Cryptococcus sp. AspoyC",228937,"ataacgaacgagaccttaacctgctaaatagtcaggccggcttcggctggtcgtcgacttcttagagggactgtcggcgtttagccgacggaagtttgag","EUKA02",FALSE
"EUKAP1_00000357","EUKAP1_00000357","",0.989898989899,"DQ325444",12545,1131492,"Aspergillaceae",5073,"Penicillium",2,"genus","Penicillium",NA,"['Penicillium sp. 5H1-M0-P8-2']",NA,5073,"ataacgaacgagacctcggcccttaaatagcccggtccgcatttgcgggccgctggcttcttaaggggactatcggctcaagccgatggaagtgcgcg","EUKA02",FALSE
"EUKAP1_00000701","EUKAP1_00000701","",0.990196078431,"AJ279693",9100,3514,"Betulaceae",3504,"Betula",1,"genus","Betula",NA,"[]",NA,3504,"ataacgaacgagacctcagcctgttaactagctatgcggaggatcccctccgcggccagcttcttagagggactatggccgcttaggccacggaagtttgag","EUKA02",TRUE
"EUKAP1_00003304","EUKAP1_00003304","",0.969696969697,"AY187065",8149,NA,NA,NA,NA,78,"kingdom","Fungi",NA,"[]",NA,4751,"ataacgaacgagaccttcacctactaaatagcccggctagctttggctggtcgctggcttcttagagggactatcggctcaagccgatggaagttggag","EUKA02",FALSE
"EUKAP2_00002016","EUKAP2_00002016","",1,"DQ536481",9184,29007,"Neocallimastigaceae",324618,"Cyllamyces",1,"species","Cyllamyces aberensis",324620,"['Cyllamyces aberensis']","Cyllamyces aberensis",324620,"ataacgaacgagaccttaacctgctaaatagttacgcgaatttttaattcgtggctaacttcttagagggactatagatttttaatctatggaagtttgag","EUKA02",FALSE
"EUKAP1_00000811","EUKAP1_00000811","",0.979797979798,"EU940024",7630,NA,NA,NA,NA,11,"order","Chaetothyriales",NA,"['Epibryon hepaticola', 'Epibryon intercapillare', 'Epibryon interlamellare', 'Epibryon sp. D TL-2012', 'Epibryon sp. E TL-2012', 'Cladophialophora scillae', 'Cladophialophora mycetomatis']",NA,34395,"ataacgaacgagaccttgacctgctaaatagccagcttgacttttgttgggcgccggcttcttagagggacttttggctcaagccaatggaagtacgag","EUKA02",FALSE
"EUKAP1_00000713","EUKAP1_00000713","",0.989898989899,"AY541478",6456,43219,"Herpotrichiellaceae",NA,NA,5,"family","Herpotrichiellaceae",NA,"['Capronia dactylotricha']",NA,43219,"ataacgaacgagaccttgacctgctaaatagccaggttcacttttgtgggccgccggcttcttagagggacttttggctcaagccaatggaagtacgag","EUKA02",FALSE
"EUKAP2_00000971","EUKAP2_00000971","",0.990291262136,"AF206944",8731,14101,"Juncaceae",13578,"Juncus",1,"genus","Juncus",NA,"[]",NA,13578,"ataacgaacgagacctcagcctgctaactagctatgcggaggcaatctctccgcagctagcttcttagagggactatggccgtttaggccacggaagtttgag","EUKA02",TRUE
"EUKAP2_00001304","EUKAP2_00001304","",0.99,"AY216871",12143,NA,NA,NA,NA,3,"class","Microbotryomycetes",NA,"['Trigonosporomyces hylophilus', 'Rhodotorula sp. 1e', 'Leucosporidium intermedium']",NA,162481,"ataacgaacgagaccttaacctgctaaatagaccagccgactttggttagctgctgtcttcttagagggactatcagcgtttagctgatggaagtttgag","EUKA02",FALSE
"EUKAP1_00000035","EUKAP1_00000035","",0.989898989899,"KJ636040",5634,43219,"Herpotrichiellaceae",82105,"Cladophialophora",1,"species","Cladophialophora scillae",470451,"['Cladophialophora scillae']","Cladophialophora scillae",470451,"ataacgaacgagaccttgacctgctaaatagcccgattgacttttgtcggtcgctggcttcttagagggacttttggctcaagccaatggaagtacgag","EUKA02",FALSE
"EUKAP1_00000326","EUKAP1_00000326","",1,"DQ862043",5200,148311,"Melanconidaceae",148317,"Melanconis",1,"genus","Melanconis",NA,"[]",NA,148317,"ataacgaacgagaccttaacctgctaaatagcccgttccgctcaggcggaacgctggcttcttagagggactatcggctcaagccgatggaagtttgag","EUKA02",FALSE
"EUKAP1_00001471","EUKAP1_00001471","",1,"DQ862056",6637,5117,"Valsaceae",83174,"Valsa",1,"species","Valsa ambiens",148335,"['Valsa ambiens']","Valsa ambiens",148335,"ataacgaacgagaccttaacctgctaaatagcccggcccgcctaggcgggtcgctggcttcttagagggactatcggctcaagccgatggaagtttgag","EUKA02",FALSE
"EUKAP1_00000406","EUKAP1_00000406","",0.979797979798,"KX822310",5537,1233474,"Trichomeriaceae",1758290,"Arthrocladium",2,"genus","Arthrocladium",NA,"['Arthrocladium tropicale']",NA,1758290,"ataacgaacgagaccttgacctgctaaatagcccaactcacttttgtgggttgctggcttcttagagggacttttggctcaagccaatggaagtacgag","EUKA02",FALSE
"EUKAP1_00001769","EUKAP1_00001769","",0.990196078431,"AY544705",5697,110846,"Pyronemataceae",47188,"Cheilymenia",1,"species","Cheilymenia stercorea",47189,"['Cheilymenia stercorea']","Cheilymenia stercorea",47189,"ataacgaacgagaccttaacctgctaaatagccaggcccgcttttgcgggtcgccggcttcttagagggactatcggatttcaagtcgatggaagtttgag","EUKA02",FALSE
"EUKAP1_00000362","EUKAP1_00000362","",1,"AF294724",7237,5268,"Ustilaginaceae",NA,NA,1,"family","Ustilaginaceae",NA,"[]",NA,5268,"ataacgaacgagaccttgacctgctaaatagacgggttgacattttgttggccccttatgtcttcttagagggacaatcgaccgtctaggtgatggaggcaaaag","EUKA02",FALSE
"EUKAP1_00004847","EUKAP1_00004847","",0.989898989899,"AF331950",4592,NA,NA,NA,NA,8,"no rank","leotiomyceta",NA,"['Dothidea sp. RWT7', 'Peltula imbricata', 'Peltula obscurans', 'Neoscytalidium dimidiatum', 'Thamnogalla crombiei', 'Anaptychia runcinata', 'Peltula boletiformis']",NA,716546,"ataacgaacgagaccttaacctgctaaatagcccggctagctttggctggtcgccggcttcttagagggactatcggctcaagccgatggaagtttgag","EUKA02",FALSE
"EUKAP2_00001858","EUKAP2_00001858","",0.990099009901,"HM002765",5512,184208,"Psathyrellaceae",71729,"Psathyrella",1,"species","Psathyrella sp. D16",859368,"['Psathyrella sp. D16']","Psathyrella sp. D16",859368,"ataacgaacgagaccttaacctgctaaatagccaggccggcttttgctggtcgccggcttcttagagggactgtcagcgtctagctgacggaagtttgag","EUKA02",FALSE
"EUKAP2_00001291","EUKAP2_00001291","",0.980392156863,"EF153701",4362,3615,"Polygonaceae",NA,NA,2,"tribe","Polygoneae",NA,"['Reynoutria japonica', 'Fallopia multiflora']",NA,1110385,"ataacgaacgagacctcagcctgctaactagctatgcggagcttccgccccgcagctagcttcttagagggactatggccttttaggccacggaagtttgag","EUKA02",TRUE
"EUKAP1_00000529","EUKAP1_00000529","",0.990196078431,"AF193940",4589,NA,NA,NA,NA,18,"no rank","lamiids",NA,"[]",NA,91888,"ttaacgaacgagacctcagcctgctaactagctatgcggaggtatccctccgcggccagcttcttagagggactacggccttttaggccgcggaagtttgag","EUKA02",TRUE
"EUKAP2_00002179","EUKAP2_00002179","",0.990099009901,"HM002772",3955,4854,"Mortierellaceae",4855,"Mortierella",2,"genus","Mortierella",NA,"['Mortierella sp. D38', 'Mortierella sp. D34']",NA,4855,"ttaacgaacgagaccttaacctgctaaatagttaggccaacgtttgttggtcgtcaacttcttagagggactattgactattagtcaatggaagtttgag","EUKA02",FALSE
"EUKAP1_00000828","EUKAP1_00000828","",0.980198019802,"AY544720",2665,5189,"Ascobolaceae",5190,"Ascobolus",1,"genus","Ascobolus",NA,"[]",NA,5190,"ataacgaacgagaccttaacctgctaaatagccaggcctgcttttgcaggtcgcgggcttcttagagggactatcgggttctaaaccgatggaagtttgag","EUKA02",FALSE
"EUKAP2_00012119","EUKAP2_00012119","",1,"AB001766",4394,1851551,"Mrakiaceae",NA,NA,1,"family","Mrakiaceae",NA,"[]",NA,1851551,"ataacgaacgagaccttaacctgctaaatagccaggccggcttttgctggtcgccggcttcttagagggactatcagcatctagctgatggaagtttgag","EUKA02",FALSE
"EUKAP1_00000738","EUKAP1_00000738","",0.990196078431,"AB233561",2993,NA,NA,NA,NA,13,"order","Malpighiales",NA,"['Paranecepsia alchorneifolia', 'Hasseltia sp. Alford 28']",NA,3646,"ttaacgaacgagacctcagcctgctaactagctatgcggaggtgaccctccgcggccagcttcttagagggactatggccttccaggccaaggaagtttgag","EUKA02",TRUE
"EUKAP1_00001887","EUKAP1_00001887","",0.990196078431,"AB608366",3571,3700,"Brassicaceae",NA,NA,3,"family","Brassicaceae",NA,"['Arabidopsis thaliana', 'Sisymbrium orientale']",NA,3700,"gtaacgaacgagacctcagcctgctaactagctacgtggaggcatcccttcacggccggcttcttagagggactatggccgtttaggccaaggaagtttgag","EUKA02",TRUE
"EUKAP2_00022484","EUKAP2_00022484","",0.989898989899,"AY489693",3033,NA,NA,NA,NA,5,"class","Sordariomycetes",NA,"['Clonostachys rosea', 'Stilbocrea macrostoma', 'Colletotrichum gloeosporioides', 'Endoxyla operculata']",NA,147550,"ataacgaacgagaccttaacctgctaactagcccgtattgctttggcagtacgctggcttcttagagggactatcggctcaagccgatggaagtttgag","EUKA02",FALSE
"EUKAP1_00001587","EUKAP1_00001587","",1,"AF260408",2166,47181,"Ascodesmidaceae",64163,"Lasiobolus",1,"genus","Lasiobolus",NA,"[]",NA,64163,"ataacgaacgagaccttaacctgctaaatagaccggcccgcgtttgcgggtcgctgtcttcttagagggactatcggatttcaagacgatggaagtttgag","EUKA02",FALSE
"EUKAP2_00003841","EUKAP2_00003841","",0.979797979798,"AJ549807",1780,NA,NA,NA,NA,163,"subphylum","Pezizomycotina",NA,"[]",NA,147538,"ataacgaacgagaccttaacttgctaaatagccaggtcagctttggctggccgccggcttcttagagggactatcggctcaagccgatggaagtttgag","EUKA02",FALSE
"EUKAP1_00002171","EUKAP1_00002171","",1,"AM495006",1430,146292,"Verrucariaceae",869220,"Psoroglaena",1,"species","Psoroglaena stigonemoides",869222,"['Psoroglaena stigonemoides']","Psoroglaena stigonemoides",869222,"ttaacgaacgagaccttgacttactaactagcccgcctgaccttggttgggtgctggcttcttagaaggacttttggctcaagccaaaggaagtacgag","EUKA02",FALSE
"EUKAP1_00000777","EUKAP1_00000777","",0.989898989899,"AF064049",1958,NA,NA,NA,NA,7,"class","Sordariomycetes",NA,"['Obolarina dryophila', 'Monographella nivalis', 'Hyponectria buxi', 'Hypoxylon submonticulosum', 'Polystigma ochraceum', 'Diatrype sp. D09', 'Fusarium sp.']",NA,147550,"ataacgaacgagaccttaacctgctaaatagcccgtattgctttggcagtacgctggcttcttagagggactatccgctcaagcggatggaagtttgag","EUKA02",FALSE
"EUKAP1_00008737","EUKAP1_00008737","",0.989898989899,"GU214594",1601,NA,NA,NA,NA,3,"no rank","leotiomyceta",NA,"['Staninwardia suttonii']",NA,716546,"ataacgaacgagaccttaacctgctaaatagccaggcccgcttcggcgggtcgccggcttcttagagggactatcggctcaagccgatggaagtttgag","EUKA02",FALSE
"EUKAP1_00002035","EUKAP1_00002035","",0.989898989899,"AB007683",2319,NA,NA,NA,NA,3,"subclass","Hypocreomycetidae",NA,"['Melanospora asymmetrica', 'Parascedosporium putredinis', 'Scedosporium boydii']",NA,222543,"ataacgaacgagaccttaacctgctaaatagcccgtactgctttggcagttcgccggcttcttagagggactatcggctcaagccgatggaagtttgag","EUKA02",FALSE
"EUKAP1_00005032","EUKAP1_00005032","",1,"AB535217",1273,3745,"Rosaceae",NA,NA,1,"subfamily","Amygdaloideae",NA,"[]",NA,171637,"ttaacgaacgagacctcagcctgctaactagctatgcggaggtcatcctccgcggccagcttcttagagggactatggccgcttaggccaaggaagtttgag","EUKA02",TRUE
"EUKAP2_00000709","EUKAP2_00000709","",0.990196078431,"AB026933",1496,NA,NA,NA,NA,16,"subclass","Pinidae",NA,"['Pinus elliottii', 'Araucaria heterophylla', 'Pinus wallichiana', 'Cathaya argyrophylla', 'Larix kaempferi', 'Abies firma', 'Agathis robusta', 'Pinus taeda', 'Araucaria columnaris']",NA,3313,"ataacgaacgagacctcagcctgctaactagctacgcggaggttccccttcgcggccagcttcttagagggactatggccgtttaggccatggaagtttgag","EUKA02",TRUE
"EUKAP1_00000169","EUKAP1_00000169","",0.989898989899,"AF331950",1319,NA,NA,NA,NA,4,"no rank","leotiomyceta",NA,"['Neoscytalidium dimidiatum', 'Dothidea sp. RWT7', 'Anaptychia runcinata']",NA,716546,"ataacgaacgagaccttaacctactaaatagcccggccagctttggctggtcgccggcttcttagagggactatcggctcaagccgatggaagtttgag","EUKA02",FALSE
"EUKAP1_00004792","EUKAP1_00004792","",0.990196078431,"LS992094.1",744,4479,"Poaceae",NA,NA,2,"subfamily","Pooideae",NA,"['Triticum aestivum']",NA,147368,"ataacgaacgagacctcagcctactaactagctatgcggagccatccctccgcagctagcttcttagagggactatcgccgtttaggcgacggaagtttgag","EUKA02",TRUE
"EUKAP1_00020370","EUKAP1_00020370","",0.990196078431,"AB608366",1075,3700,"Brassicaceae",NA,NA,3,"family","Brassicaceae",NA,"['Arabidopsis thaliana', 'Sisymbrium orientale']",NA,3700,"ttaacgaacgagacctcagcctgctaactagctacgtggaggcatcccttcacggccggcttcttagagggactatggccgtttaggccaaggaagtttgaa","EUKA02",TRUE
"EUKAP2_00001740","EUKAP2_00001740","",1,"AF294721",1328,5268,"Ustilaginaceae",NA,NA,1,"family","Ustilaginaceae",NA,"[]",NA,5268,"ataacgaacgagaccttgacctgctaaatagacgggttgacattttgttggccccttatgtcttcttagagggactatcgaccgtctaggtgatggaggcaaaag","EUKA02",FALSE
"EUKAP2_00009458","EUKAP2_00009458","",0.99,"DQ536485",528,451449,"Rhizophydiaceae",60186,"Rhizophydium",1,"genus","Rhizophydium",NA,"[]",NA,60186,"ttaacgaacgagaccttaacctgctaaatagttacataaactttggtttatgattaacttcttagagggactatggacttttagtctatggaagtttgag","EUKA02",FALSE
"EUKAP2_00003831","EUKAP2_00003831","",1,"AF113414",893,4858,"Basidiobolaceae",4859,"Basidiobolus",1,"genus","Basidiobolus",NA,"[]",NA,4859,"ataacgaacgagaccttaacctgctaaatagttacgtttacctttgtgtagacggacaacttcttagagggactgctgatgtttaatcagtggaagtttgag","EUKA02",FALSE
"EUKAP1_00023690","EUKAP1_00023690","",0.990196078431,"AF206911",419,NA,NA,NA,NA,24,"no rank","fabids",NA,"['Holodiscus discolor', 'Senna marilandica', 'Humulus lupulus', 'Morus wittiorum', 'Morus alba', 'Begonia iucunda', 'Ecballium elaterium']",NA,91835,"ttaacgaacgagacctcagcctgctaactagctatgcggaggataccctccgcggccagcttcttagagggactatggccgcttaggccaaggaagtttgag","EUKA02",TRUE
"EUKAP2_00022266","EUKAP2_00022266","",0.98,"AB586076",408,1134080,"Powellomycetaceae",NA,NA,4,"family","Powellomycetaceae",NA,"['Geranomyces variabilis', 'Geranomyces hawaiiensis']",NA,1134080,"ttaacgaacgagaccttaacctgctaaatagttacgttaactttggttgacggctaacttcttagagggactatggatgtttaatccatggaagtttgag","EUKA02",FALSE
"EUKAP2_00010014","EUKAP2_00010014","",1,"FJ176814",424,5189,"Ascobolaceae",47218,"Saccobolus",1,"species","Saccobolus dilutellus",406764,"['Saccobolus dilutellus']","Saccobolus dilutellus",406764,"ataacgaacgagaccttaacctgctaaatagacaggcttacttttgtaggtcgcagtcttcttagagggactatcgggttctaaaccgatggaagtttgag","EUKA02",FALSE
"EUKAP1_00057446","EUKAP1_00057446","",1,"EF689825",752,146292,"Verrucariaceae",NA,NA,1,"family","Verrucariaceae",NA,"[]",NA,146292,"ttaacgaacgagaccttgacctgctaaatagcccgttcgactttggttggacgctggcttcttagagggacttttggctcaagccaatggaagtacgag","EUKA02",FALSE
"EUKAP2_00045451","EUKAP2_00045451","",1,"AF206895",297,3650,"Cucurbitaceae",NA,NA,1,"family","Cucurbitaceae",NA,"[]",NA,3650,"ttaacgaacgagacctcagcctgctaactagctatgcggaggaatccctccgcggccagcttcttagagggactatggccgcttaggccaaggaagtttgag","EUKA02",TRUE
"EUKAP300018830","EUKAP300018830","",0.990476190476,"AF294724",161,5268,"Ustilaginaceae",NA,NA,6,"family","Ustilaginaceae",NA,"['Ustilago filiformis', 'Moesziomyces aphidis']",NA,5268,"ataacgaacgagaccttgacctgctaaatagacgggttgacattttgttggccccttatgtcttcttagagggacaatcgaccgtctaggtgatggaggcaagag","EUKA02",FALSE
"EUKAP1_00064447","EUKAP1_00064447","",0.98,"GU250354",242,1233474,"Trichomeriaceae",1562575,"Bradymyces",1,"species","Bradymyces alpinus",1562577,"['Bradymyces alpinus']","Bradymyces alpinus",1562577,"ataacgaacgagaccttgacctgctaaatagccccattcgctccggcggatggctggcttcttagagggacttttggctcaagccaatggaagtacgag","EUKA02",FALSE
"EUKAP2_00070726","EUKAP2_00070726","",0.98,"KM222205",152,NA,NA,NA,NA,31,"subphylum","Pezizomycotina",NA,"[]",NA,147538,"ataacgagcgagaccttaacctgctaaatagccaggcccgctttggcgggtcgccggcttcttagagggactatcggctcaagccgatggaagtttgag","EUKA02",FALSE
"EUKAP300156660","EUKAP300156660","",0.969696969697,"EU940024",54,NA,NA,NA,NA,4,"order","Chaetothyriales",NA,"['Epibryon intercapillare', 'Epibryon interlamellare', 'Cladophialophora scillae', 'Epibryon sp. D TL-2012']",NA,34395,"ataacgaacgagaccttgacctgctaaatagctagattgacttttgttggtcgccagcttcttagagggacttttggctcaagccaatggaagtaagag","EUKA02",FALSE
"EUKAP300243013","EUKAP300243013","",0.969696969697,"EU940024",37,NA,NA,NA,NA,16,"order","Chaetothyriales",NA,"['Epibryon hepaticola', 'Epibryon intercapillare', 'Exophiala prototropha', 'Epibryon sp. D TL-2012', 'Epibryon sp. E TL-2012', 'Cyphellophora sessilis', 'Cladophialophora scillae', 'Cladophialophora mycetomatis', 'Epibryon interlamellare']",NA,34395,"ataacgaacgagaccttgacctgctaaatagccagcttgacttttgttgggcgccggcttcttagagggacttttggctcaagccaatggaagtaagag","EUKA02",FALSE
"EUKAP1_00194237","EUKAP1_00194237","",0.98,"EU343098",86,NA,NA,NA,NA,33,"subphylum","Pezizomycotina",NA,"[]",NA,147538,"ataacgaacgggaccttaacctgctaaatagccaggcccgctttggcgggtcgccggcttcttagagggactatcggctcaagccgatggaagtttgag","EUKA02",FALSE
"EUKAP300050198","EUKAP300050198","",1,"KF443200",26,5268,"Ustilaginaceae",63261,"Moesziomyces",1,"species","Moesziomyces aphidis",84754,"['Moesziomyces aphidis']","Moesziomyces aphidis",84754,"ataacgaacgagaccttgacctgctaaatagacgggttgacattttgttggccccttatgtcttcttagagggactatcgaccgtctaggtgatggaggcaagag","EUKA02",FALSE
"EUKAP1_00392433","EUKAP1_00392433","",0.989898989899,"EF137361",51,93133,"Mycosphaerellaceae",395590,"Zasmidium",1,"species","Zasmidium cellare",395010,"['Zasmidium cellare']","Zasmidium cellare",395010,"ataacgaacgagaccttaacctgctaagtagccaggcccgctttggcgggtcgccggcttcttagagggactatcggctcaagccgatggaagtttgag","EUKA02",FALSE
"EUKAP301198149","EUKAP301198149","",0.980952380952,"AB028189.1",9,5268,"Ustilaginaceae",NA,NA,3,"family","Ustilaginaceae",NA,"['Ustilago shiraiana', 'Ustilago filiformis', 'Tranzscheliella hypodytes']",NA,5268,"ataacgaacgagaccttgacctgctaaatagacgggttgacattttgttggccccttatgtcttcttagagggacaatcgaacgtctagttgatggaggcaagag","EUKA02",FALSE
"EUKAP300118644","EUKAP300118644","",0.979797979798,"AJ232942",6,NA,NA,NA,NA,22,"order","Chaetothyriales",NA,"['Epibryon hepaticola', 'Epibryon intercapillare', 'Epibryon interlamellare', 'Epibryon sp. D TL-2012', 'Epibryon sp. E TL-2012', 'Cladophialophora mycetomatis']",NA,34395,"ataacgaacgagaccttgacctgctaaatagccaggttgacttttgtcggccgccggcttcttagagggacttttggctcaagccaatggaagtaagag","EUKA02",FALSE
"EUKAP300121790","EUKAP300121790","",0.989898989899,"EU940024",7,1503986,"Epibryaceae",1206334,"Epibryon",1,"species","Epibryon interlamellare",1206340,"['Epibryon interlamellare']","Epibryon interlamellare",1206340,"ataacgaacgagaccttgacctgctaaatagccagattgacttttgttggtcgccggcttcttagagggacttttggctcaagccaatggaagtaagag","EUKA02",FALSE
