"","id","definition","best_identity:db_EUKA","best_match:db_EUKA","count","family","family_name","genus","genus_name","match_count:db_EUKA","rank","scientific_name","species","species_list:db_EUKA","species_name","taxid","sequence","sequence_type"
"FF_EUKA_00000003","FF_EUKA_00000003","",1,"AF168844",1371018,4479,"Poaceae",NA,NA,1,"subfamily","Pooideae",NA,"[]",NA,147368,"ttaacgaacgagacctcagcctgctaactagctatgcggagccatccctccgcagctagcttcttagagggactatcgccgtttaggcgacggaagtttgag","EUKA_Food"
"FF_EUKA_00000002","FF_EUKA_00000002","",0.989898989899,"AJ549807",657991,NA,NA,NA,NA,13,"subclass","Lecanoromycetidae",NA,"['Usnea florida', 'Pyxine farinosa', 'Cladia aggregata', 'Allocetraria madreporiformis', 'Lecidea plana', 'Anaptychia runcinata', 'Punctelia rudecta', 'Asahinea chrysantha', 'Nephroma bellum', 'Psilolechia lucida', 'Vahliella leucophaea']",NA,388435,"ataacgaacgagaccttaacctgctaaatagccaggtcagctttggctggccgccggcttcttagagggactatcggctcaagccgatggaagtttgag","EUKA_Food"
"FF_EUKA_00000010","FF_EUKA_00000010","",1,"AB608366",474873,3700,"Brassicaceae",NA,NA,1,"family","Brassicaceae",NA,"[]",NA,3700,"ttaacgaacgagacctcagcctgctaactagctacgtggaggcatcccttcacggccggcttcttagagggactatggccgtttaggccaaggaagtttgag","EUKA_Food"
"FF_EUKA_00000034","FF_EUKA_00000034","",1,"AJ279693",338180,3514,"Betulaceae",3504,"Betula",1,"genus","Betula",NA,"[]",NA,3504,"ttaacgaacgagacctcagcctgttaactagctatgcggaggatcccctccgcggccagcttcttagagggactatggccgcttaggccacggaagtttgag","EUKA_Food"
"FF_EUKA_00000054","FF_EUKA_00000054","",0.990291262136,"AP015490",65541,3803,"Fabaceae",3913,"Vigna",1,"varietas","Vigna angularis var. angularis",3914,"['Vigna angularis']","Vigna angularis",157739,"ttaacgaacgagacctcagcctgctaaatagctatgtggaggtaaccctccacggccagcttcttagagggactatggccgcttaggccacggaagtttgag","EUKA_Food"
"FF_EUKA_00000006","FF_EUKA_00000006","",0.991228070175,"AY498406",29097,30102,"Cicadellidae",NA,NA,2,"family","Cicadellidae",NA,"['Putoniessa rivularis', 'Graphocephala atropunctata']",NA,30102,"ataacgaacgagactctagcctactaactaggcgttcccggtatccacaatagtgctaccggcgaatacaattcttcttagagggacaggcggcttctagccgcacgagactga","EUKA_Food"
"FF_EUKA_00000209","FF_EUKA_00000209","",0.99,"AJ301700",19401,NA,NA,NA,NA,5,"kingdom","Fungi",NA,"['Rhizophagus fasciculatus', 'Alternaria alternariae', 'Clarireedia homoeocarpa', 'Pezoloma ericae']",NA,4751,"ataacgaacgagaccttaacctgctaaatagccaggctagctttggctggtcgccggcttcttagagggactatcggctcaagccgatggaagtttgag","EUKA_Food"
"FF_EUKA_00000025","FF_EUKA_00000025","",0.970588235294,"AB608366",17262,3700,"Brassicaceae",NA,NA,1,"family","Brassicaceae",NA,"[]",NA,3700,"ttaacgaacgagacctcagcctgctaactagctacgtggaggcatcccttcacggccggcttcttagagggactatcgccgtttaggcgacggaagtttgag","EUKA_Food"
"FF_EUKA_00000026","FF_EUKA_00000026","",1,"AF331950",16070,41253,"Dothideaceae",45096,"Dothidea",1,"species","Dothidea sp. RWT7",154309,"['Dothidea sp. RWT7']","Dothidea sp. RWT7",154309,"ataacgaacgagaccttaacctgctaaatagcccggccagctttggctggtcgccggcttcttagagggactatcggctcaagccgatggaagtttgag","EUKA_Food"
"FF_EUKA_00000845","FF_EUKA_00000845","",0.989898989899,"KF816220",11066,1429050,"Abrothallaceae",941766,"Abrothallus",2,"genus","Abrothallus",NA,"['Abrothallus cladoniae']",NA,941766,"ataacgaacgagaccttaacctgctaaatagccaggtcagctttggctgatcgcaggcttcttagagggactatcggctcaagccgatggaagtttgag","EUKA_Food"
"FF_EUKA_00002644","FF_EUKA_00002644","",1,"EU432198",9279,1427652,"Oribatulidae",NA,NA,1,"family","Oribatulidae",NA,"[]",NA,1427652,"ataacgaacgagactctagcctactaaatagattgccggcttacattgacacgccggcaactcgcttcttagagggacaggcggtgattcaaccgcacgaaacaga","EUKA_Food"
"FF_EUKA_00001334","FF_EUKA_00001334","",0.989898989899,"AF338393",9276,NA,NA,NA,NA,17,"subphylum","Pezizomycotina",NA,"['Sigmoidea prolifera', 'Rhizina undulata', 'Sphaerulina populicola', 'Orbilia sp. HOB-2016bf', 'Acidiella bohemica', 'Phaeoisariopsis griseola', 'Caloscypha fulgens', 'Hydnotrya cerebriformis', 'Phyllosticta capitalensis', 'Botryobambusa fusicoccum']",NA,147538,"ataacgaacgagaccttaacctgctaaatagcccggcccgctttggcgggtcgccggcttcttagagggactatcggctcaagccgatggaagtttgag","EUKA_Food"
"FF_EUKA_00001013","FF_EUKA_00001013","",1,"KX397629",8347,229787,"Carabodidae",229788,"Carabodes",1,"species","Carabodes labyrinthicus",229791,"['Carabodes labyrinthicus']","Carabodes labyrinthicus",229791,"ataacgaacgagactctagcctactaaatagatcgtcaccttacatacggtgacgaggcttcttagagggacaggcggtgatttaaccgcacgaaacaga","EUKA_Food"
"FF_EUKA_00000240","FF_EUKA_00000240","",1,"AF106537",7531,47021,"Orbiliaceae",NA,NA,1,"family","Orbiliaceae",NA,"[]",NA,47021,"ataacgaacgagaccttaacctgctaaatagccaggcgagcttttgctcgtcgccggcttcttagagggactatcggctcaagccgatggaagtttgag","EUKA_Food"
"FF_EUKA_00000245","FF_EUKA_00000245","",1,"FJ601842",3001,1804623,"Chenopodiaceae",NA,NA,1,"tribe","Atripliceae",NA,"[]",NA,1307774,"ttaacgaacgagacctcagcctgctaactagctatgcggaggtataccttcgcagctagcttcttagagggactatggccttttaggccacggaagtttgag","EUKA_Food"
