"","id","definition","best_identity:db_FUNGI","best_match:db_FUNGI","cluster","cluster_center","cluster_score","cluster_weight","count","family","family_name","genus","genus_name","match_count:db_FUNGI","rank","scientific_name","species","species_list:db_FUNGI","species_name","taxid","sequence","sequence_type"
"FF_FUNGI_00000035","FF_FUNGI_00000035",NA,0.994318181818,"FJ210556","FF_FUNGI_00000035","True",1,210216,209700,683158,"Didymellaceae",104397,"Epicoccum",3,"genus","Epicoccum",NA,"['Epicoccum nigrum', 'Epicoccum sp. JJP-2009a']",NA,104397,"tttccgtaggtgaacctgcggaaggatcattacctagagtttgtagacttcggtctgctacctcttacccatgtcttttgagtaccttcgtttcctcggcgggtccgcccgccgattggacaacattcaaaccctttgcagttgcaatcagcgtctgaaaaaacataatagttaca","Fungi"
"FF_FUNGI_00000005","FF_FUNGI_00000005",NA,0.994708994709,"AJ301721","FF_FUNGI_00000005","True",1,192265,192265,452563,"Cladosporiaceae",5498,"Cladosporium",1,"species","Cladosporium herbarum",29918,"['Cladosporium herbarum']","Cladosporium herbarum",29918,"tctccgtaggtgaacctgcggagggatcattacaagaacgcccgggcttcggcctggttattcataaccctttgttgtccgactctgttgcctccggggcgaccctgccttcgggcgggggctccgggtggacacttcaaactcttgcgtaactttgcagtctgagtaaacttaattaataaattaaa","Fungi"
"FF_FUNGI_00000008","FF_FUNGI_00000008",NA,1,"AY154690","FF_FUNGI_00000008","True",1,223842,154881,28556,"Pleosporaceae",5598,"Alternaria",1,"species","Alternaria infectoria",45303,"['Alternaria infectoria']","Alternaria infectoria",45303,"tctccgtaggtgaacctgcggagggatcattacacaataacaaggcgggctggacaccccccgctgggcactgcttcacggcgtgcgcggcggggccggccctgctgaattattcacccgtgtcttttgcgtacttcttgtttcctgggtgggctcgcccgccctcaggaccaaccacaaaccttttgcaatagcaatcagcgtcagtaacaacgtaattaattaca","Fungi"
"FF_FUNGI_00000249","FF_FUNGI_00000249",NA,0.712802768166,"DQ534462","FF_FUNGI_00000249","True",1,212147,135620,5198,"Cladoniaceae",NA,NA,15,"family","Cladoniaceae",NA,"['Cladonia cervicornis', 'Cladonia foliacea', 'Cladia aggregata', 'Cladonia coniocraea', 'Cladonia pyxidata', 'Cladonia gracilis', 'Cladonia apodocarpa', 'Cladonia squamosa', 'Cladonia convoluta', 'Cladonia subulata']",NA,5198,"tttccgtaggtgaacctgcggaaggatcattaatgagttcgagggcacagcgaatgagctatgctctcagcggtgggtgtcgtctgggtctatatgggccaggctgcgctcgtcgtgtctcggctatacggctcatgccgaccccgggcgtttcctgcccgggggcggctcgcgcccgccagaggtccattcaaaacccttcattatcagtgatgtctgagacaaatattaaataatcaaa","Unknown"
"FF_FUNGI_00000077","FF_FUNGI_00000077",NA,0.700421940928,"JX841249","FF_FUNGI_00000077","True",1,119609,119609,NA,NA,NA,NA,1175,"superkingdom","Eukaryota",NA,"[]",NA,2759,"tttccgtaggtgaacctgcggaaggatcattaaaatgtatccgcgcgagcaatcgcgcctttgcaaaccactgtgaacgtacccgttgcttcggcggcagccaggcccccgctcctcccctcggggaggcctgcgagggcaaggcgtcggcccgccagaggcccaacaacgaaaccatttctgtaaactgcagtctgaagccaaaagcaaatcgttaaa","Unknown"
"FF_FUNGI_00000014","FF_FUNGI_00000014",NA,0.994736842105,"JQ936142","FF_FUNGI_00000014","True",1,122832,116259,452563,"Cladosporiaceae",5498,"Cladosporium",2,"genus","Cladosporium",NA,"['Cladosporium sp. 3 TS-2016', 'Cladosporium herbarum']",NA,5498,"tctccgtaggtgaacctgcggagggatcattacaagtgaccccggtctaaccaccgggatgttcataaccctttgttgtccgactctgttgcctccggggcgaccctgccttcgggcgggggctccgggtggacacttcaaactcttgcgtaactttgcagtctgagtaaacttaattaataaattaaa","Fungi"
"FF_FUNGI_00000028","FF_FUNGI_00000028",NA,0.914414414414,"AF228470","FF_FUNGI_00000028","True",1,91307,91295,78060,"Parmeliaceae",112415,"Letharia",1,"species","Letharia vulpina",129387,"['Letharia vulpina']","Letharia vulpina",129387,"tttccgtaggtgaacctgcggaaggatcattaccgagagaggggcctcgcgctcccgggggcttcggcccccaactcttcacccattgcgtacctactttgttgctttggcgggccctggggctcgccccgcgccggctttcgggccggtgagcgcccgccagaggcccattaaaatctgctcaataagtgccgtcagagtaaaaaacacaatagcaaaa","Fungi"
"FF_FUNGI_00000018","FF_FUNGI_00000018",NA,0.994594594595,"KX014708","FF_FUNGI_00000018","True",1,88881,86687,110618,"Nectriaceae",5506,"Fusarium",1,"species","Fusarium sp. UASWS1560",1848390,"['Fusarium sp. UASWS1560']","Fusarium sp. UASWS1560",1848390,"tctccgttggtgaaccagcggagggatcattaccgagtttacaactcccaaacccctgtgaacataccttaatgttgcctcggcggatcagcccgcgccccgtaaaacgggacggcccgccagaggacccaaactctaatgtttcttattgtaacttctgagtaaaacaaacaaataaatcaaa","Fungi"
"FF_FUNGI_00000072","FF_FUNGI_00000072",NA,0.714285714286,"DQ534462","FF_FUNGI_00000249","False",0.991701,212147,75427,5198,"Cladoniaceae",NA,NA,15,"family","Cladoniaceae",NA,"['Cladonia cervicornis', 'Cladonia foliacea', 'Cladia aggregata', 'Cladonia coniocraea', 'Cladonia pyxidata', 'Cladonia gracilis', 'Cladonia apodocarpa', 'Cladonia squamosa', 'Cladonia convoluta', 'Cladonia subulata']",NA,5198,"tttccgtaggtgaacctgcggaaggatcattaatgagttcgagggcacagcgaatgagctatgctctcagcggtgggtgtcgtctgggtctatatgggccaggctgcgctcgtcgtgtctgctatacggctcatgccgaccccgggcgtttcctgcccgggggcggctcgcgcccgccagaggtccattcaaaacccttcattatcagtgatgtctgagacaaatattaaataatcaaa","Unknown"
"FF_FUNGI_00000010","FF_FUNGI_00000010",NA,1,"AB250414","FF_FUNGI_00000010","True",1,102790,71436,110618,"Nectriaceae",5506,"Fusarium",1,"genus","Fusarium",NA,"[]",NA,5506,"tctccgttggtgaaccagcggagggatcattaccgagtttacaactcccaaacccctgtgaacataccttatgttgcctcggcggatcagcccgcgccccgtaaaaagggacggcccgccgcaggaaccctaaactctgtttttagtggaacttctgagtataaaaaacaaataaatcaaa","Fungi"
"FF_FUNGI_00000080","FF_FUNGI_00000080",NA,1,"AJ246155","FF_FUNGI_00000080","True",1,101066,65909,1682405,"Microdochiaceae",67608,"Microdochium",1,"genus","Microdochium",NA,"[]",NA,67608,"tctccgtaggtgaacctgcggagggatcattactgagtttttaactctccaaaccatgtgaacttaccactgttgcctcggtggatggtgctgtctctcgggacggtaccaccgccggtggactacctaaactctgttaatttttgtcaatctgaatcaaactaagaaataagttaaa","Fungi"
"FF_FUNGI_00000003","FF_FUNGI_00000003",NA,0.926108374384,"JQ796760","FF_FUNGI_00000003","True",1,59272,59262,110618,"Nectriaceae",5133,"Nectria",3,"genus","Nectria",NA,"['Nectria sp. 9133S4', 'Nectria sp. P10E2']",NA,5133,"tctccgttggtgaaccagcggagggatcattaccagagtgccctaggctctccaacccattgtgaacttaccaaacgttccctcggcgggctcagcgcgcggtggcctccgggcctccgggcgtccgccggggaaaaccaaaccctgatttaatcgtatttctctgaggggcgaaagcccgaaaacaaaatgaatcaaa","Fungi"
"FF_FUNGI_00000037","FF_FUNGI_00000037",NA,1,"JF440601","FF_FUNGI_00000008","False",0.995595,223842,38856,28556,"Pleosporaceae",5598,"Alternaria",1,"genus","Alternaria",NA,"[]",NA,5598,"tctccgtaggtgaacctgcggagggatcattacacaataaccaggcgggctggacaccccccgctgggcactgcttcacggcgtgcgcggcggggccggccctgctgaattattcacccgtgtcttttgcgtacttcttgtttcctgggtgggctcgcccgccctcaggaccaaccacaaaccttttgcaatagcaatcagcgtcagtaacaacgtaattaattaca","Fungi"
"FF_FUNGI_00000386","FF_FUNGI_00000386",NA,0.994382022472,"AJ246155","FF_FUNGI_00000080","False",0.994382,101066,35151,1682405,"Microdochiaceae",67608,"Microdochium",1,"genus","Microdochium",NA,"[]",NA,67608,"tctccgtaggtgaacctgcggagggatcattactgagtttttaactctccaaaccatgtgaacttaccactgttgcctcggtggatggtgctgtctctcgggacggtgccaccgccggtggactacctaaactctgttaatttttgtcaatctgaatcaaactaagaaataagttaaa","Fungi"
"FF_FUNGI_00000290","FF_FUNGI_00000290",NA,0.787755102041,"KX579092","FF_FUNGI_00000290","True",1,33045,33045,NA,NA,NA,NA,60,"superkingdom","Eukaryota",NA,"[]",NA,2759,"tttccgtaggtgaacctgcggaaggatcattaatgagttagggtctccgggcccgacctccaaccctttgtcgtcacaaaaccactttgttgctttggcgtggcccgccggcggcgaccctggcgaccctcacggggagccgcgggctgccggtcttcggcccggcaagcgcccgccagaggaaaaccaaactcttgtttctaaacagtacgtccgagtaaaaatgattaaatcaatcaaa","Unknown"
"FF_FUNGI_00000185","FF_FUNGI_00000185",NA,1,"FJ210590","FF_FUNGI_00000010","False",0.983607,102790,31312,110618,"Nectriaceae",5506,"Fusarium",1,"genus","Fusarium",NA,"[]",NA,5506,"tctccgttggtgaaccagcggagggatcattaccgagtttacaactcccaaacccctgtgaacatacctttatgttgcctcggcggatcagcccgcgccccgtaaaacgggacggcccgccgcaggaaaccctaaactctgtttttagtggaacttctgagtataaaaaacaaataaatcaaa","Fungi"
"FF_FUNGI_00000254","FF_FUNGI_00000254",NA,0.929460580913,"KT970617","FF_FUNGI_00000254","True",1,32705,24195,78060,"Parmeliaceae",87260,"Parmelia",1,"species","Parmelia barrenoae",285266,"['Parmelia barrenoae']","Parmelia barrenoae",285266,"tttccgtaggtgaacctgcggaaggatcattatcgagagaggggcttcgcgctcccgggggtttcggcccccaactcttcacccattgtcaatttacccttgttgctttggcggattccggttccggggtatgtcttgcgtaggtttgtcataaacccgtgcgagatgtgccccggcgcccgccggaggcccattaaaatctgtttatcagtgatgtccgagtaaaaaaccaataataaaa","Fungi"
"FF_FUNGI_00000441","FF_FUNGI_00000441",NA,0.703125,"AB205373","FF_FUNGI_00000441","True",1,21771,21771,NA,NA,NA,NA,523,"no rank","leotiomyceta",NA,"[]",NA,716546,"tttccgtaggtggcaagtttgcctatcgaaagccctcgcagcgactctaaataactgcccgagtctaccccttaccaggggcgggcaacgctatcagtctgcgctggaagctcctctcgtctgttgctttggcgggctttggggttcgcctcacgccggacttcggactggtgagcgcccgccagaggcccattaaattccgtttatgcagtattatcagaacaaaattactatagtaaaa","Unknown"
"FF_FUNGI_00000272","FF_FUNGI_00000272",NA,1,"FJ210631","FF_FUNGI_00000272","True",1,23199,20871,110618,"Nectriaceae",5506,"Fusarium",1,"genus","Fusarium",NA,"[]",NA,5506,"tctccgttggtgaaccagcggagggatcattaccgagtttacaactcccaaacccctgtgaacataccatatgttgcctcggcggatcagcccgtccttcgggacggcccgccgcaggaccctaaactctgtttttagtggaacttctgagtaaaaaaacaaataaatcaaa","Fungi"
"FF_FUNGI_00000013","FF_FUNGI_00000013",NA,1,"AF181708","FF_FUNGI_00000013","True",1,21085,19990,5020,"Phaeosphaeriaceae",1351751,"Parastagonospora",1,"species","Parastagonospora nodorum",13684,"['Parastagonospora nodorum']","Parastagonospora nodorum",13684,"tttccgtaggtgaacctgcggaaggatcattacactcagtagtttactactgtaaaaggggctgttagtctgtatagcgcaagctgatgagcagctggcctcttttatccacccttgtcttttgcgtacccacgtttcctcggcaggcttgcctgccggttggacaaatttataacctttttaattttcaatcagcgtctgaaaaacttaataattaca","Fungi"
"FF_FUNGI_00000297","FF_FUNGI_00000297",NA,0.722222222222,"AF228470","FF_FUNGI_00000297","True",1,25036,18882,NA,NA,NA,NA,476,"no rank","leotiomyceta",NA,"[]",NA,716546,"tttccgtaggtagcatgtttgcctgccggaagcccccgcagcgactctaaagaattgcgttagtcgcccctcgattcggggcaggcaacgccatcactctgcgctggaagtcccccattcgtgttgctttgacgggccacggggccttcctgcgctggctttcgggccggcgagtgcccgtcagaggcccattaaattccgtttaataagtgacgtccgagtaaaaattacaatagtaaaa","Unknown"
"FF_FUNGI_00000275","FF_FUNGI_00000275",NA,1,"FN539064","FF_FUNGI_00000008","False",0.991189,223842,18639,28556,"Pleosporaceae",5598,"Alternaria",1,"species","Alternaria infectoria",45303,"['Alternaria infectoria']","Alternaria infectoria",45303,"tctccgtaggtgaacctgcggagggatcattacacaataacaaggcgggttggacaccccccgctgggcactgcttcacggcgtgcgcggcggggccggccctgctgaattatttacccgtgtcttttgcgtacttcttgtttcctgggtgggctcgcccgccctcaggaccaaccacaaaccttttgcaatagcaatcagcgtcagtaacaacgtaattaattaca","Fungi"
"FF_FUNGI_00000341","FF_FUNGI_00000341",NA,0.798882681564,"KF816165","FF_FUNGI_00000341","True",1,18523,18511,1429050,"Abrothallaceae",941766,"Abrothallus",5,"genus","Abrothallus",NA,"['Abrothallus parmeliarum', 'Abrothallus usneae', 'Abrothallus hypotrachynae', 'Abrothallus acetabuli']",NA,941766,"tttccgtaggtgaacctgcggaaggatcattaccgggctcagggggggaaaccccccgaactcccaacccttgcttacctaccacgttgcttcgggggacgtcagtcccccggaggtcaatcaaactctcgtttacagacgtcagagcgaatgcgaaaataagtaaaa","Unknown"
"FF_FUNGI_00000096","FF_FUNGI_00000096",NA,0.794238683128,"KX579092","FF_FUNGI_00000096","True",1,17041,17014,NA,NA,NA,NA,52,"superkingdom","Eukaryota",NA,"[]",NA,2759,"tttccgtaggtgaacctgcggaaggatcattaatgagttagggtctccgggcccgacctccaaccctttgtcgtcacaaaaccactttgttgctttggcgtggcccgccggcggcgacccgcgaccctcacggggagccgcgggctgccggtcttcggcccggcaagcgcccgccagaggaaaaccaaactcttgtttctaaacagtacgtccgagtaaaaatgattaaatcaatcaaa","Unknown"
"FF_FUNGI_00000039","FF_FUNGI_00000039",NA,1,"EU167564","FF_FUNGI_00000039","True",1,24787,15694,683158,"Didymellaceae",1770170,"Neoascochyta",1,"species","Neoascochyta exitialis",487631,"['Neoascochyta exitialis']","Neoascochyta exitialis",487631,"tttccgtaggtgaacctgcggaaggatcattaccgagagttgcaggcttttgtctgccatctcttacccatgtcttttgcgtactacacgtttcctcggcaggtccgcctgccgttaggaccacattaaaccatttgcagttgcagtcagcgtctgaaaaacttaataattaca","Fungi"
"FF_FUNGI_00000012","FF_FUNGI_00000012",NA,0.766519823789,"AF096217","FF_FUNGI_00000012","True",1,14931,14929,NA,NA,NA,NA,553,"subphylum","Pezizomycotina",NA,"[]",NA,147538,"tttccgtaggtgaacctgcggaaggatcattactgagatagggtccttcggggcccgacctccaaccctttgtctaccttaccactgttgcctcggcgggtcgccggcgccctcacgggcgtcgccgtcggcctctgcgctctcgagtgcccgccgccaggccctataaaccctttataaaccagtcttctgagagtatattcaatacttaaa","Unknown"
"FF_FUNGI_00000153","FF_FUNGI_00000153",NA,0.904761904762,"MF683457","FF_FUNGI_00000153","True",1,14801,14656,NA,NA,NA,NA,3,"order","Dothideales",NA,"['Sydowia sp.', 'Pseudosydowia eucalypti']",NA,5014,"tttccgtaggtgaacctgcggaaggatcattaaagagaaaggggcttaaaaaccccgacctccaaccctctgttgttaaaactactttgttgctttggcgggaccgttcggtcttttccgaacctctcagggaccctcacgggtttccgggggagctcccgccagagttaaaccaaactcttgttatataaaccggtcgtctgagtaaaatttttgaattaaatcaaa","Fungi"
"FF_FUNGI_00000001","FF_FUNGI_00000001",NA,1,"AM901702","FF_FUNGI_00000001","True",1,19064,14569,1131492,"Aspergillaceae",NA,NA,1,"family","Aspergillaceae",NA,"[]",NA,1131492,"tttccgtaggtgaacctgcggaaggatcattaccgagtgcgggccctctgggtccaacctcccatccgtgtctatctgtaccctgttgcttcggcgtggccacggcccgccgaagactaacatttgaacactgtctgaagtttgcagtctgagtttttagttaaacaataattaaa","Fungi"
"FF_FUNGI_00000225","FF_FUNGI_00000225",NA,1,"KY103181","FF_FUNGI_00000225","True",1,14217,14192,165808,"Cystofilobasidiaceae",5410,"Cystofilobasidium",1,"species","Cystofilobasidium macerans",89926,"['Cystofilobasidium macerans']","Cystofilobasidium macerans",89926,"tttccgtaggtgaacctgcggaaggatcactaaagtaaacgccctccggggctctctttattcacacacccctgtgcactttggccacctgccgcgcttaactgcgttagtaggtgtgtctctttatttatacccatatacacaagtcattgaatgtaaaatcgttataaactaatata","Fungi"
"FF_FUNGI_00000178","FF_FUNGI_00000178",NA,1,"GU584952","FF_FUNGI_00000008","False",0.995595,223842,11215,28556,"Pleosporaceae",5598,"Alternaria",1,"species","Alternaria infectoria",45303,"['Alternaria infectoria']","Alternaria infectoria",45303,"tctccgtaggtgaacctgcggagggatcattacacaataacaaggcgggttggacaccccccgctgggcactgcttcacggcgtgcgcggcggggccggccctgctgaattattcacccgtgtcttttgcgtacttcttgtttcctgggtgggctcgcccgccctcaggaccaaccacaaaccttttgcaatagcaatcagcgtcagtaacaacgtaattaattaca","Fungi"
"FF_FUNGI_00000506","FF_FUNGI_00000506",NA,0.994186046512,"AB469880","FF_FUNGI_00000506","True",1,9448,9448,NA,NA,NA,NA,10,"class","Sordariomycetes",NA,"['Plectosphaerella sp. I392', 'Plectosphaerella cucumerina', 'Plectosphaerella sp. M32', 'Monographella sp.']",NA,147550,"tctccgttggtgaaccagcggagggatcattactgagtactacactctctaccctttgtgaactattatacctgttgcttcggcggcgcccgcgagggtgcccgccggtctcatcagaatctctgttttcgaacccgacgatacttctgagtgttcttagcgaactgtcaaa","Fungi"
"FF_FUNGI_00000075","FF_FUNGI_00000075",NA,1,"KX096657","FF_FUNGI_00000039","False",0.994253,24787,8995,683158,"Didymellaceae",5453,"Ascochyta",1,"species","Ascochyta skagwayensis",199696,"['Ascochyta skagwayensis']","Ascochyta skagwayensis",199696,"tttccgtaggtgaacctgcggaaggatcattaccgagagttgcaggcttttgtctgccatctcttacccatgtcttttgcgtactacacgtttcctcggcaggtccgcctgccgttaggaccccattaaaccatttgcagttgcagtcagcgtctgaaaaacttaataattaca","Fungi"
"FF_FUNGI_00001214","FF_FUNGI_00001214",NA,1,"KY496741","FF_FUNGI_00001214","True",1,8859,8850,683158,"Didymellaceae",5453,"Ascochyta",1,"subspecies","Ascochyta medicaginicola var medicaginicola",107450,"['Ascochyta medicaginicola']","Ascochyta medicaginicola",2040517,"tttccgtaggtgaacctgcggaaggatcattacctagagtttgtgggctttgcccgctacctcttacccatgtcttttgagtacttacgtttcctcggcgggttcgcccgccgactggacaaaattaaaccctttgtaattgaaatcagcgtctgaaaaacataatagttaca","Fungi"
"FF_FUNGI_00000408","FF_FUNGI_00000408",NA,0.704280155642,"AB205373","FF_FUNGI_00000408","True",1,34122,8821,NA,NA,NA,NA,510,"no rank","leotiomyceta",NA,"[]",NA,716546,"tttccgtaggtggcaagtttgcctatcgaaagccctcgcagcgactctaaataactgcccgagtctaccccttaccaggggcgggcaacgctatcagtctgcgctggaagctcctctcgtcgttgctttggcgggctttggggttcgcctcacgccggacttcggactggtgagcgcccgccagaggcccattaaattccgtttatgcagtattatcagaacaaaaattactatagtaaaa","Unknown"
"FF_FUNGI_00001358","FF_FUNGI_00001358",NA,0.937238493724,"KT970617","FF_FUNGI_00000254","False",0.991701,32705,8510,78060,"Parmeliaceae",87260,"Parmelia",1,"species","Parmelia barrenoae",285266,"['Parmelia barrenoae']","Parmelia barrenoae",285266,"tttccgtaggtgaacctgcggaaggatcattatcgagagaggggcttcgcgctcccgggggtttcggcccccaactcttcacccattgtcaatttacccttgttgctttggcggattccgtccggggtatgtcttgcgtaggtttgtcataaacccgtgcgagatgtgccccggcgcccgccggaggcccattaaaatctgtttatcagtgatgtccgagtaaaaaaccaataataaaa","Fungi"
"FF_FUNGI_00000809","FF_FUNGI_00000809",NA,1,"FJ907537","FF_FUNGI_00000809","True",1,8635,8481,28556,"Pleosporaceae",5027,"Pyrenophora",1,"genus","Pyrenophora",NA,"[]",NA,5027,"tctccgtaggtgaacctgcggagggatcattacccaaatatgaaacgcagactgggcaccctcgaggagcgattcgtcgtccccctcctgggccggtctgacgccatattcacccatgtcttttgcgtactacttgtttccttggcgggttcgcccgccattaggacccaaccataaacctttttgtaattgcaatcagcgtctgaacaatgtaataaattaca","Fungi"
"FF_FUNGI_00000252","FF_FUNGI_00000252",NA,0.760956175299,"KX579092","FF_FUNGI_00000252","True",1,7852,7768,NA,NA,NA,NA,68,"superkingdom","Eukaryota",NA,"[]",NA,2759,"tttccgtaggtgaacctgcggaaggatcattaatgagtaagggtcttcgggcccgacctccaaccctttgtagttgaaaaacccttgttgctttggcgggaccgtcccggaactcccatctcccatctcttctgatgggggggaaagggccgccggtcctcggaccgtcgagctcccgccagagtcaaaccaaactcttgttttaaccatatcgtccgagtaaattgataaatcaattaaa","Unknown"
"FF_FUNGI_00000257","FF_FUNGI_00000257",NA,1,"AJ279480","FF_FUNGI_00000257","True",1,7877,7382,28983,"Sclerotiniaceae",NA,NA,1,"family","Sclerotiniaceae",NA,"[]",NA,28983,"tttccgtaggtgaacctgcggaaggatcattacagagttcatgcccgaaagggtagacctcccacccttgtgtattattactttgttgctttggcgagctgccttcgggccttgtatgctcgccagagaataccaaaactctttttattaatgtcgtctgagtactatataatagttaaa","Fungi"
"FF_FUNGI_00000372","FF_FUNGI_00000372",NA,0.705882352941,"AB205373","FF_FUNGI_00000408","False",0.991701,34122,6678,NA,NA,NA,NA,490,"no rank","leotiomyceta",NA,"[]",NA,716546,"tttccgtaggtggcaagtttgcctatcgaaagccctcgcagcgactctaaataactgcccgagtctaccccttaccaggggcgggcaacgctatcagtctgcgctggaagctcctctcgtgttgctttggcgggctttggggttcgcctcacgccggacttcggactggtgagcgcccgccagaggcccattaaattccgtttatgcagtattatcagaacaaaattactatagtaaaa","Unknown"
"FF_FUNGI_00000462","FF_FUNGI_00000462",NA,1,"AF013229","FF_FUNGI_00000462","True",1,8747,6657,1570301,"Saccotheciaceae",NA,NA,1,"family","Saccotheciaceae",NA,"[]",NA,1570301,"tttccgtaggtgaacctgcggaaggatcattaaagagtaagggtgctcagcgcccgacctccaaccctttgttgttaaaactaccttgttgctttggcgggaccgctcggtctcgagccgctggggattcgtcccaggcgagcgcccgccagagttaaaccaaactcttgttatttaaccggtcgtctgagttaaaattttgaataaatcaaa","Fungi"
"FF_FUNGI_00001558","FF_FUNGI_00001558",NA,0.952662721893,"AJ581047","FF_FUNGI_00001558","True",1,6444,6439,NA,NA,NA,NA,8,"superkingdom","Eukaryota",NA,"['Vishniacozyma victoriae', 'Cryptococcus sp. LK-2016', 'Vishniacozyma aff. victoriae', 'Cryptococcus sp. F6', 'Caulerpa webbiana']",NA,2759,"tttccgtaggtgaacctgcggaaggatcattaatagtgcccattgatgcaaatcattgggttagatctgcccttatcgcaagatgagggcttccatatacaccgtgaactgtggcttcggccatcacaaactgttagtaatgaatgtaatatcataacaaaaacaaa","Fungi"
"FF_FUNGI_00000350","FF_FUNGI_00000350",NA,1,"JX421701","FF_FUNGI_00000350","True",1,5649,5547,28556,"Pleosporaceae",5598,"Alternaria",1,"species","Alternaria infectoria",45303,"['Alternaria infectoria']","Alternaria infectoria",45303,"tctccgtaggtgaacctgcggagggatcattacacaatatgaaggcgggctggacaccctccagccgggcactgcttcacggcgtgcgcggctggagccggccctgctgaattattcacccgtgtcttttgcgtacttcttgtttcctgggtgggctcgcccgccatcaggaccaaccataaacctttttgtaatagcaatcagcgtcagtaacaacgtaattaattaca","Fungi"
"FF_FUNGI_00000092","FF_FUNGI_00000092",NA,0.724,"AF228470","FF_FUNGI_00000297","False",0.991701,25036,5528,NA,NA,NA,NA,464,"no rank","leotiomyceta",NA,"[]",NA,716546,"tttccgtaggtagcatgtttgcctgccggaagcccccgcagcgactctaaagaattgcgttagtcgcccctcgattcggggcaggcaacgccatcactctgcgctggaagtcccccattcgttgctttgacgggccacggggccttcctgcgctggctttcgggccggcgagtgcccgtcagaggcccattaaattccgtttaataagtgacgtccgagtaaaaattacaatagtaaaa","Unknown"
"FF_FUNGI_00003293","FF_FUNGI_00003293",NA,0.813559322034,"KF816165","FF_FUNGI_00003293","True",1,5465,5461,1429050,"Abrothallaceae",941766,"Abrothallus",5,"genus","Abrothallus",NA,"['Abrothallus parmeliarum', 'Abrothallus usneae', 'Abrothallus hypotrachynae', 'Abrothallus acetabuli']",NA,941766,"tttccgtaggtgaacctgcggaaggatcattaccgggctcagggggggaaaccccccgaactcccaacccttgcttacctaccacgttgcttcggcgggttcgcgcccgccggaggtcaaacaaactctcgtttacagacgtcagagcgaatgcgaaaataagtaaaa","Fungi"
"FF_FUNGI_00000607","FF_FUNGI_00000607",NA,0.841584158416,"KY633581","FF_FUNGI_00000607","True",1,5353,5350,NA,NA,NA,NA,17,"class","Leotiomycetes",NA,"['Pseudophacidium piceae', 'Scleropezicula alnicola', 'Patinella hyalophaea', 'Claussenomyces sp.', 'Pezicula sp. 4 ICMP 18930', 'Claussenomyces sp. PDD 95741', 'Claussenomyces olivaceus', 'Holwaya mucida', 'Pseudeurotium sp. VKM-3220', 'Claussenomyces sp. HB9300b', 'Pseudeurotium bakeri']",NA,147548,"tttccgtaggtgaacctgcggaaggatcattaatgagaacgtgccctccggggtagatctccaaccctctgtctacctatccgtgttgctttgacgggcccgtcccccgggaccgccggctccggctggcccgcgcccgtcagaggcccacaaaaccctgtcaaacgtgccgtctgagtaacacataatcgttaaa","Fungi"
"FF_FUNGI_00001054","FF_FUNGI_00001054",NA,0.994219653179,"KR012905","FF_FUNGI_00001054","True",1,8880,5340,683158,"Didymellaceae",55170,"Didymella",1,"species","Didymella glomerata",749621,"['Didymella glomerata']","Didymella glomerata",749621,"tttccgtaggtgaacctgcggaaggatcattacctagagttgtaggctttgcctgctatctcttacccatgtcttttgagtaccttcgtttcctcggcgggtccgcccgccgattggacaatttaaaccatttgcagttgcaatcagcgtctgaaaaaacttaatagttaca","Fungi"
"FF_FUNGI_00000159","FF_FUNGI_00000159",NA,0.962343096234,"JX421701","FF_FUNGI_00000159","True",1,4920,4918,28556,"Pleosporaceae",NA,NA,7,"family","Pleosporaceae",NA,"['Alternaria triticina', 'Alternaria sp. MG19', 'Alternaria cf. infectoria', 'Alternaria sp. G54', 'Alternaria infectoria', 'Alternaria sp.']",NA,28556,"tctccgtaggtgaacctgcggagggatcattacacaatatgaaggcgggctggacaccctccagccgggcactgcttcacggcgtgcgcggctggagccggccctgctgaattattcaccttattcacccgtgtcttttgcgtacttcttgtttcctgggtgggctcgcccgccatcaggaccaaccataaacctttttgtaatagcaatcagcgtcagtaacaacgtaattaattaca","Fungi"
"FF_FUNGI_00000425","FF_FUNGI_00000425",NA,0.767068273092,"KX579092","FF_FUNGI_00000425","True",1,14122,4587,NA,NA,NA,NA,67,"superkingdom","Eukaryota",NA,"[]",NA,2759,"tttccgtaggtgaacctgcggaaggatcattaatgagtaagggtcttcgggcccgacctccaaccctttgtagttgaaaaacccttgttgctttggcgggaccgtcccggaactcccatcccatctcttctgatgggggggaaagggccgccggtcctcggaccgtcgagctcccgccagagtcaaaccaaactcttgttttaaccatatcgtccgagtaaattgataaatcaattaaa","Unknown"
"FF_FUNGI_00004261","FF_FUNGI_00004261",NA,0.995283018868,"MG978336","FF_FUNGI_00004261","True",1,4643,4581,681950,"Glomerellaceae",5455,"Colletotrichum",1,"species","Colletotrichum graminicola",31870,"['Colletotrichum graminicola']","Colletotrichum graminicola",31870,"tctccgttggtgaaccagcggagggatcattatcgagttaccgctctacaaccctttgtgaacatacctaactgttgcttcggcgggcagggggtccccccggggacgccctcccggccccgcccccctaccaggggacgtggcgcccgccggaggatacctaactctattttaacgacgtttcttctgagtggcacaagcaaataattaaa","Fungi"
"FF_FUNGI_00002725","FF_FUNGI_00002725",NA,0.994565217391,"AJ972852","FF_FUNGI_00002725","True",1,4637,4497,668547,"Teratosphaeriaceae",62131,"Capnobotryella",1,"species","Capnobotryella sp. MA 4565",331461,"['Capnobotryella sp. MA 4565']","Capnobotryella sp. MA 4565",331461,"tctccgtaggtgaacctgcggagggatcattaccgagtgagggcctccgggctcgacctccaaccccatgtcgttacaaccacgttgcctcgggggcgacccggcctccgcgtcggggcccccggtggacccaaccatcaaactctgcgtctttgcgtcggagtattagattaaatcaatcaaa","Fungi"
"FF_FUNGI_00000680","FF_FUNGI_00000680",NA,0.909836065574,"EU035420","FF_FUNGI_00000680","True",1,4260,4243,NA,NA,NA,NA,7,"order","Chaetothyriales",NA,"['Knufia karalitana', 'Coniosporium sp. MA4956', 'Knufia petricola', 'Knufia perforans', 'Knufia cryptophialidica', 'Knufia epidermidis']",NA,34395,"tttccgtaggtgaacctgcggaaggatcattaccgagttagggtgccctccaaggcacccgacctcccaaccctttgcctaatttaccttgtcgttgcttcggcggaccggttgaccaactaccaactggtcgtgaccgccgggggtttcacccccctggaaagcgtccgccgacggcccaaccacaaactcttgtaccaaaccatgtcgtctgaattacttgattaaaatcaaaaacaaa","Fungi"
"FF_FUNGI_00001746","FF_FUNGI_00001746",NA,0.700389105058,"AB205373","FF_FUNGI_00000408","False",0.995851,34122,4160,NA,NA,NA,NA,556,"no rank","leotiomyceta",NA,"[]",NA,716546,"tttccgtaggtggcaagtttgcctatcgaaagccctcgcagcgactctaaataactgcccgagtctaccccttaccaggggcgggcaacgctatcagtctgcgctggaagctcctctcgtcgttgctttggcgggctttggggttcgcctcacgccggacttcggactggtgagcgcccgccagaggcccattaaattccgtttatgcagtattgtcagaacaaaaattactatagtaaaa","Unknown"
"FF_FUNGI_00000423","FF_FUNGI_00000423",NA,0.841346153846,"KF816169","FF_FUNGI_00000423","True",1,4139,4139,1429050,"Abrothallaceae",941766,"Abrothallus",6,"genus","Abrothallus",NA,"['Abrothallus secedens', 'Abrothallus usneae', 'Abrothallus nephromatis', 'Abrothallus sp. von Brackel 5491']",NA,941766,"tttccgtaggtgaacctgcggaaggatcattactgggtcgacggggggggcctcccccccaactcccaacccttgcttacccaccacgttgcttcggcgggccggggccccgccccccgcccacgcggcgcgcgcccgccggaggcacacccaaccctgacgtgaatgttgtccgagcgaacgcgaaaacaagtaaaa","Fungi"
"FF_FUNGI_00002115","FF_FUNGI_00002115",NA,0.918269230769,"LC189021","FF_FUNGI_00002115","True",1,4359,4118,47743,"Hyaloscyphaceae",2282293,"Glutinomyces",6,"genus","Glutinomyces",NA,"['Glutinomyces vulgaris', 'Glutinomyces takaragaikensis', 'Glutinomyces inflatus', 'Glutinomyces brunneus']",NA,2282293,"tctccgtaggtgaacctgcggagggatcattaatgagaacatgccctaacgggtagatctcccaccctatgttatcatcacctttgttgctttggcgggccgtcgggcctttcggtcaggctaccggcttgtgctggtaagcgcccgccagaggatcctaaactctgaatgttagtgtcgtctgagtactatataatagttaaa","Fungi"
"FF_FUNGI_00000167","FF_FUNGI_00000167",NA,0.737288135593,"KU516590","FF_FUNGI_00000167","True",1,4683,3961,NA,NA,NA,NA,122,"superkingdom","Eukaryota",NA,"[]",NA,2759,"tttccgtaggtgaacctgcggaaggatcattaaagagaaaggatttcggtcctgacctccaaccctttgtttacctcaccactgttgcctcggcgggtcgtcgacgccctttatcggggcgccgccgtcggccctcgcgctctcgtgcgcccgccgctaggcccgaaccaaaactctttgtaaacccagtcttctgagagtaaatttaatacttcaaa","Unknown"
"FF_FUNGI_00000165","FF_FUNGI_00000165",NA,0.705882352941,"AB205373","FF_FUNGI_00000408","False",0.991701,34122,3942,NA,NA,NA,NA,490,"no rank","leotiomyceta",NA,"[]",NA,716546,"tttccgtaggtggcaagtttgcctatcgaaagccctcgcagcgactctaaataactgcccgagtctaccccttaccaggggcgggcaacgctatcagtctgcgctggaagctcctctcgtttgctttggcgggctttggggttcgcctcacgccggacttcggactggtgagcgcccgccagaggcccattaaattccgtttatgcagtattatcagaacaaaaattactatagtaaaa","Unknown"
"FF_FUNGI_00001014","FF_FUNGI_00001014",NA,0.990654205607,"EU552113","FF_FUNGI_00001014","True",1,3802,3802,41253,"Dothideaceae",538534,"Coniozyma",1,"species","Coniozyma leucospermi",531876,"['Coniozyma leucospermi']","Coniozyma leucospermi",531876,"tttccgtaggtgaacctgcggaaggatcattaaagagttagggtcctagtggcccaacctccaaccctctgttgttaaaactaccttgttgctttggcgggaccgttcggtctccgagcgcgttaaccctcgggttggcgagcgcccgccagagtccaaccaaactcttgtattaaaccagtcgtctgagtataaaattttaattaaattaaa","Fungi"
"FF_FUNGI_00001855","FF_FUNGI_00001855",NA,0.762096774194,"KU728505","FF_FUNGI_00000425","False",0.979339,14122,3514,NA,NA,NA,NA,72,"superkingdom","Eukaryota",NA,"[]",NA,2759,"tttccgtaggtgaacctgcggaaggatcattaatgagtaagggtcttcgggcccgacctccaaccctttgtagttgaaaaacccttgttgctttggcgggaccgtcccggaactcccatcttcccatctcttctgatggggggggagggccgccggtcctcggaccgtcgagctcccgccagagtcaaaccaaactcttgttttaaccatatcgtccgagtaaattgataaatcaattaaa","Unknown"
"FF_FUNGI_00000356","FF_FUNGI_00000356",NA,0.69921875,"AB205373","FF_FUNGI_00000408","False",0.987603,34122,3330,NA,NA,NA,NA,572,"no rank","leotiomyceta",NA,"[]",NA,716546,"tttccgtaggtggcaagtttgcctatcgaaagccctcgcagcgactctaaataactgcccgagtctaccccttaccatgggcgggcaacgctatcagtctgcgctggaagctcctctcgtctgttgctttggcgggctttggggttcgcctcacgccggacttcggactggtgagcgcccgccagaggcccattaaattccgtttatgcagtattatcagaacaaaattactatagtaaaa","Unknown"
"FF_FUNGI_00000803","FF_FUNGI_00000803",NA,1,"AB099508","FF_FUNGI_00000803","True",1,3311,3311,34397,"Clavicipitaceae",5110,"Claviceps",1,"species","Claviceps purpurea",5111,"['Claviceps purpurea']","Claviceps purpurea",5111,"tctccgttggtgaaccagcggagggatcattaccgagtttacaactcccaaacccattgtgaacttatacccaaaacgttgcctcggcggacacagcggtacccgagcccccgcaagggagcaaaggcgccccgtccgccaggggaccaaaactcttctgtatacccatagcggcatgtctgagtggatttaaaaacaaatgaatcaaa","Fungi"
"FF_FUNGI_00001352","FF_FUNGI_00001352",NA,0.76,"KX579092","FF_FUNGI_00001352","True",1,5333,3040,NA,NA,NA,NA,68,"superkingdom","Eukaryota",NA,"[]",NA,2759,"tttccgtaggtgaacctgcggaaggatcattaatgagttagggtctccgggcccgacctccaaccctttgtagtcgaaaaaacctttgttgctttggcgggaccgtccggaagccccccccagcccccccctcagaagggtggccccggccgccggtcctcggcccgtcgagcgcccgccagagtcaaaccaaactcttgttttaacagtaacgtccgagtaaattgataaatcaattaaa","Unknown"
"FF_FUNGI_00002221","FF_FUNGI_00002221",NA,0.696498054475,"AB205373","FF_FUNGI_00000408","False",0.991701,34122,3028,NA,NA,NA,NA,610,"no rank","leotiomyceta",NA,"[]",NA,716546,"tttccgtaggtggcaagtttgcctatcgaaagccctcgcagcgactctaaataactgcccgagtctaccccttaccatgggcgggcaacgctatcagtctgcgctggaagctcctctcgtcgttgctttggcgggctttggggttcgcctcacgccggacttcggactggtgagcgcccgccagaggcccattaaattccgtttatgcagtattgtcagaacaaaaattactatagtaaaa","Unknown"
"FF_FUNGI_00003876","FF_FUNGI_00003876",NA,0.909523809524,"KY436074","FF_FUNGI_00003876","True",1,2804,2804,5009,"Taphrinaceae",5010,"Taphrina",1,"species","Taphrina sp.",2012360,"['Taphrina sp.']","Taphrina sp.",2012360,"tttccgtaggtgaacctgcggaaggatcattaatgaagtctgggctccggccctctctcttctacacacttgtgaacttacactgttgctttggcaggtttccggacgggcgaaagctctgaaggtcaggtcgaaaggcgcctgccaaggacatttacccaccctttttatattgtctgatttttgttttaaacaaattataataaa","Fungi"
"FF_FUNGI_00001477","FF_FUNGI_00001477",NA,0.762096774194,"KU728505","FF_FUNGI_00000425","False",0.983471,14122,2575,NA,NA,NA,NA,72,"superkingdom","Eukaryota",NA,"[]",NA,2759,"tttccgtaggtgaacctgcggaaggatcattaatgagtaagggtcttcgggcccgacctccaaccctttgtagttgaaaaacccttgttgctttggcgggaccgtcccggaactcccatcttcccatctcttctgatgggggggaagggccgccggtcctcggaccgtcgagctcccgccagagtcaaaccaaactcttgttttaaccatatcgtccgagtaaattgataaatcaattaaa","Unknown"
"FF_FUNGI_00003669","FF_FUNGI_00003669",NA,0.761133603239,"KU728505","FF_FUNGI_00000425","False",0.9875,14122,2430,NA,NA,NA,NA,72,"superkingdom","Eukaryota",NA,"[]",NA,2759,"tttccgtaggtgaacctgcggaaggatcattaatgagtaagggtcttcgggcccgacctccaaccctttgtagttgaaaaacccttgttgctttggcgggaccgtcccggaactcccatccccatctcttctgatggggggggagggccgccggtcctcggaccgtcgagctcccgccagagtcaaaccaaactcttgttttaaccatatcgtccgagtaaattgataaatcaattaaa","Unknown"
"FF_FUNGI_00001265","FF_FUNGI_00001265",NA,0.704724409449,"AF228470","FF_FUNGI_00001265","True",1,3419,2119,NA,NA,NA,NA,617,"no rank","leotiomyceta",NA,"[]",NA,716546,"tttccgtaggtggcaagtttgcctatcgaaagccctcgcagcgactctaaataactgcccgagtctaccccttaccaggggcgggcaacgctatcagtctgcgctggaagctcctctcgtctgttgctttgacgggccacggggccttcctgcgctggctttcgggccggcgagtgcccgtcagaggcccattaaattccgtttaataagtgacgtccgagtaaaaattacaatagtaaaa","Unknown"
"FF_FUNGI_00002973","FF_FUNGI_00002973",NA,0.995594713656,"AY154690","FF_FUNGI_00000524","False",0.977974,15418,2098,28556,"Pleosporaceae",5598,"Alternaria",6,"genus","Alternaria",NA,"['Alternaria infectoria']",NA,5598,"tctccgtaggtgaacctgcggagggatcattacacaataacaaggcgggctggacaccccccgctgggcactgcttcacggcgtgcgcggcggggccggccctgctgaattattcacccgtgtcttttgcgtacttcttgtttcctgggtgggctcgcccgccctcaggaccaaccacaaatcttttgcaatagcaatcagcgtcagtaacaacgtaattaattaca","Fungi"
"FF_FUNGI_00000477","FF_FUNGI_00000477",NA,0.917355371901,"EU035420","FF_FUNGI_00000477","True",1,2008,2008,NA,NA,NA,NA,5,"order","Chaetothyriales",NA,"['Knufia cryptophialidica', 'Knufia karalitana', 'Coniosporium sp. MA4956', 'Knufia petricola']",NA,34395,"tttccgtaggtgaacctgcggaaggatcattaccgagttagggtgccctccaaggcacccgacctcccaaccctttgcctaatttaccttgtcgttgcttcggcggaccggttgaccaacccaactggtcgtgaccgccgggggtttcacccccctggaaagcgtccgccgacggcccaaccacaaactcttgtaccaaaccatgtcgtctgaattacttgattaaaatcaaaaacaaa","Fungi"
"FF_FUNGI_00001024","FF_FUNGI_00001024",NA,0.994285714286,"KM113755","FF_FUNGI_00000601","False",0.994286,3710,1595,1033978,"Plectosphaerellaceae",NA,NA,1,"family","Plectosphaerellaceae",NA,"[]",NA,1033978,"tctccgttggtgaaccagcggagggatcattaccgagtactataactcataaccctttgtgaacctttatacctgttgcttcggcggcgcgcctctcggggcgtgcccgccggcattatcagaatctctgttcgaacccgacgatacatctgagtgttctaagcgaactgttaaa","Fungi"
"FF_FUNGI_00000861","FF_FUNGI_00000861",NA,0.994186046512,"EU167565","FF_FUNGI_00001054","False",0.982558,8880,1375,683158,"Didymellaceae",NA,NA,2,"family","Didymellaceae",NA,"[]",NA,683158,"tttccgtaggtgaacctgcggaaggatcattacctagagttgtaggctttgcctgctatctcttacccatgtcttttgagtaccttcgtttcctcggcgggttcgcccgtcgattggacaatttaaaccatttgcagttgcaatcagcgtctgaaaaaacataatagttaca","Fungi"
"FF_FUNGI_00007485","FF_FUNGI_00007485",NA,0.698039215686,"AB205373","FF_FUNGI_00000408","False",0.983402,34122,1236,NA,NA,NA,NA,587,"no rank","leotiomyceta",NA,"[]",NA,716546,"tttccgtaggtggcaagtttgcctatcgaaagccctcgcagcgactctaaataactgcccgagtctaccccttaccatgggcgggcaacgctatcagtctgcgctggaagctcctctcgtttgctttggcgggctttggggttcgcctcacgccggacttcggactggtgagcgcccgccagaggcccattaaattccgtttatgcagtattgtcagaacaaaaattactatagtaaaa","Unknown"
"FF_FUNGI_00000169","FF_FUNGI_00000169",NA,0.701960784314,"AB205373","FF_FUNGI_00000408","False",0.987552,34122,904,NA,NA,NA,NA,535,"no rank","leotiomyceta",NA,"[]",NA,716546,"tttccgtaggtggcaagtttgcctatcgaaagccctcgcagcgactctaaataactgcccgagtctaccccttaccaggggcgggcaacgctatcagtctgcgctggaagctcctctcgtttgctttggcgggctttggggttcgcctcacgccggacttcggactggtgagcgcccgccagaggcccattaaattccgtttatgcagtattgtcagaacaaaaattactatagtaaaa","Unknown"
"FF_FUNGI_00003522","FF_FUNGI_00003522",NA,0.701960784314,"AB205373","FF_FUNGI_00000408","False",0.987552,34122,679,NA,NA,NA,NA,535,"no rank","leotiomyceta",NA,"[]",NA,716546,"tttccgtaggtggcaagtttgcctatcgaaagccctcgcagcgactctaaataactgcccgagtctaccccttaccatgggcgggcaacgctatcagtctgcgctggaagctcctctcgtgttgctttggcgggctttggggttcgcctcacgccggacttcggactggtgagcgcccgccagaggcccattaaattccgtttatgcagtattatcagaacaaaattactatagtaaaa","Unknown"
"FF_FUNGI_00020953","FF_FUNGI_00020953",NA,0.707509881423,"AF228470","FF_FUNGI_00001265","False",0.991701,3419,517,NA,NA,NA,NA,586,"no rank","leotiomyceta",NA,"[]",NA,716546,"tttccgtaggtggcaagtttgcctatcgaaagccctcgcagcgactctaaataactgcccgagtctaccccttaccaggggcgggcaacgctatcagtctgcgctggaagctcctctcgtgttgctttgacgggccacggggccttcctgcgctggctttcgggccggcgagtgcccgtcagaggcccattaaattccgtttaataagtgacgtccgagtaaaaattacaatagtaaaa","Unknown"
