"","id","definition","best_identity:db_GH","best_match:db_GH","count","family","family_name","genus","genus_name","match_count:db_GH","obiclean_status:DNANC_SS1_R1","obiclean_status:DNANC_SS2_R2","obiclean_status:DNANC_SS3_R3","obiclean_status:FF1_SS1_R1","obiclean_status:FF1_SS1_R2","obiclean_status:FF1_SS1_R3","obiclean_status:FF1_SS2_R1","obiclean_status:FF1_SS2_R2","obiclean_status:FF1_SS3_R1","obiclean_status:FF1_SS3_R2","obiclean_status:FF1_SS3_R3","obiclean_status:FF2_SS1_R1","obiclean_status:FF2_SS1_R3","obiclean_status:FF2_SS2_R1","obiclean_status:FF2_SS2_R2","obiclean_status:FF2_SS2_R3","obiclean_status:FF2_SS3_R2","obiclean_status:FF2_SS3_R3","obiclean_status:FF3_SS1_R1","obiclean_status:FF3_SS1_R2","obiclean_status:FF3_SS1_R3","obiclean_status:FF3_SS2_R1","obiclean_status:FF3_SS2_R2","obiclean_status:FF3_SS2_R3","obiclean_status:FF3_SS3_R1","obiclean_status:FF3_SS3_R2","obiclean_status:FF3_SS3_R3","obiclean_status:FF4_SS1_R1","obiclean_status:FF4_SS1_R2","obiclean_status:FF4_SS1_R3","obiclean_status:FF4_SS2_R1","obiclean_status:FF4_SS2_R2","obiclean_status:FF4_SS2_R3","obiclean_status:FF4_SS3_R1","obiclean_status:FF4_SS3_R2","obiclean_status:FF4_SS3_R3","obiclean_status:FF5_SS1_R1","obiclean_status:FF5_SS1_R2","obiclean_status:FF5_SS1_R3","obiclean_status:FF5_SS2_R1","obiclean_status:FF5_SS2_R2","obiclean_status:FF5_SS2_R3","obiclean_status:FF5_SS3_R1","obiclean_status:FF5_SS3_R3","obiclean_status:FF6_SS1_R1","obiclean_status:FF6_SS1_R2","obiclean_status:FF6_SS2_R1","obiclean_status:FF6_SS2_R2","obiclean_status:FF6_SS2_R3","obiclean_status:FF6_SS3_R1","obiclean_status:FF6_SS3_R2","obiclean_status:FF6_SS3_R3","obiclean_status:FF7_SS1_R1","obiclean_status:FF7_SS1_R2","obiclean_status:FF7_SS1_R3","obiclean_status:FF7_SS2_R1","obiclean_status:FF7_SS2_R2","obiclean_status:FF7_SS3_R1","obiclean_status:FF7_SS3_R2","obiclean_status:FF8_SS1_R1","obiclean_status:FF8_SS1_R2","obiclean_status:FF8_SS2_R1","obiclean_status:FF8_SS2_R2","obiclean_status:FF8_SS2_R3","obiclean_status:FF8_SS3_R1","obiclean_status:FF8_SS3_R2","obiclean_status:FF8_SS3_R3","obiclean_status:OADNANC_SS1_R1","obiclean_status:OADNANC_SS2_R1","obiclean_status:OADNANC_SS3_R2","obiclean_status:OADNANC_SS5_R3","obiclean_status:PCRNC_SS1_R1","obiclean_status:PCRNC_SS2_R2","obiclean_status:PCRPOS_SS1_R1","obiclean_status:PCRPOS_SS2_R2","rank","scientific_name","species","species_list:db_GH","species_name","taxid","sequence","sequence_type"
"FF_GH_00000004","FF_GH_00000004","",1,"AB979732",477295,3514,"Betulaceae",NA,NA,1,"h","h","s","h",NA,"h",NA,NA,"h",NA,"h","h","h","h","h","h","h","h","h","h","h","h","h","h","h","h","h","h","h","h","h","h","h",NA,"h","h","h","h",NA,"h","h",NA,"h","h","h","h","h","h",NA,NA,"h",NA,"h","h",NA,"s","h","h","h","h","h","h","h",NA,NA,"h",NA,"h","h","h",NA,NA,"h","h","h","family","Betulaceae",NA,"[]",NA,3514,"atcctgttttccgaaaacaaataaaacaaatttaagggttcataaagtgagaataaaaaag","GH_Food"
"FF_GH_00000007","FF_GH_00000007","",1,"AB685313",215841,3688,"Salicaceae",NA,NA,1,NA,"h","h",NA,"h","h","h","h","h",NA,"h",NA,"h","h","h","h","h","h","h","h","h",NA,"h","h","h","h","h",NA,"h","h",NA,"h","h","h","h","h",NA,"h","h","h","h","h",NA,"h","h","h","h","h","s","h","h",NA,"h","h",NA,"h","h",NA,"h","h","h",NA,"h","s","h","h",NA,"h","h","h",NA,"h","h","s","h","tribe","Saliceae",NA,"[]",NA,238069,"atcctatttttcgaaaacaaacaaaggttcataaagacagaataagaatacaaaag","GH_Food"
"FF_GH_00000010","FF_GH_00000010","",1,"AF348537",189139,3745,"Rosaceae",NA,NA,1,NA,NA,NA,NA,NA,NA,"h","h",NA,NA,"h",NA,NA,NA,NA,NA,NA,NA,NA,NA,NA,NA,NA,NA,NA,"s",NA,NA,NA,NA,NA,NA,NA,"h",NA,NA,NA,NA,NA,NA,NA,NA,NA,NA,NA,NA,NA,NA,NA,"h",NA,NA,NA,NA,NA,"h",NA,NA,NA,NA,NA,NA,NA,NA,NA,NA,NA,NA,NA,NA,NA,"h",NA,NA,NA,"subfamily","Dryadoideae",NA,"[]",NA,721791,"atcctgttttatgaaaacaaacaagggtttcagaaagcgcgaataaaaagg","GH_Food"
"FF_GH_00000008","FF_GH_00000008","",1,"AM041260",100409,4479,"Poaceae",NA,NA,1,NA,"h",NA,"h",NA,"h",NA,NA,NA,NA,"h","h",NA,NA,"h",NA,"h","h",NA,"h","h","h","h","h",NA,"h","h",NA,"h","h",NA,"h","h",NA,"h","h",NA,"h",NA,"h","h","s","h",NA,"h","h","h","h",NA,NA,"h",NA,"h","h",NA,NA,"h","h","h","h","h","h","h",NA,NA,"h",NA,"h","h","h",NA,NA,"h","h","h","no rank","Poeae Chloroplast Group 2 (Poeae type)",NA,"[]",NA,1652081,"atccatgttttgagaaaacaagggggttctcgaactagaatacaacggaaaag","GH_Food"
"FF_GH_00000041","FF_GH_00000041","",1,"AY496911",89336,4345,"Ericaceae",45918,"Empetrum",1,NA,NA,"h",NA,NA,"s",NA,NA,"s",NA,"h",NA,"h","h",NA,"h","s","h","h",NA,"s",NA,NA,"s","h","h",NA,NA,"s","h","h","h","h",NA,"h","s","h","h","h","h",NA,NA,"h","h","h","h","h",NA,NA,NA,NA,NA,"h","h",NA,NA,"h","h",NA,"h","s",NA,NA,NA,NA,"h",NA,"h","h","s",NA,NA,"h","h","h","genus","Empetrum",NA,"[]",NA,45918,"atcctttatttggcaaacaaacaaagattccgaaagctaaaaaaag","GH_Food"
"FF_GH_00000001","FF_GH_00000001","",1,"AF515231",74607,1203520,"Athyriaceae",32109,"Athyrium",1,"s","h",NA,"h",NA,"h",NA,NA,"s",NA,"h","h","h","h",NA,"h",NA,"h",NA,NA,"h","h","h","s",NA,"h","s","h",NA,"h","h","s","h",NA,NA,"h","h","h",NA,"h","s",NA,"h",NA,"h","h","h","h",NA,NA,"h",NA,"h","h",NA,NA,"h","h",NA,"s","s","s",NA,NA,NA,NA,NA,"h","h","h",NA,NA,"h","h","h","genus","Athyrium",NA,"[]",NA,32109,"atcttgtattattcagatgaatttcgggcgatgaggcga","GH_Food"
"FF_GH_00000106","FF_GH_00000106","",1,"GQ244985",71039,3745,"Rosaceae",23170,"Filipendula",1,NA,"s",NA,NA,NA,"h",NA,NA,NA,NA,"h",NA,NA,NA,NA,NA,"h","h",NA,"h","h",NA,"h",NA,NA,"h","s",NA,"h","h",NA,"h",NA,NA,"h","s",NA,"h",NA,NA,"h",NA,NA,NA,NA,"h",NA,"h",NA,NA,"h",NA,NA,"h",NA,NA,"h",NA,"h",NA,"h",NA,"h",NA,NA,"h",NA,NA,NA,"h",NA,NA,"h",NA,"h","species","Filipendula ulmaria",57917,"['Filipendula ulmaria']","Filipendula ulmaria",57917,"atcccgttttctgaaaacaaacacgggtttcagaaatccagaataaataaagtaaag","GH_Food"
"FF_GH_00000080","FF_GH_00000080","",1,"AB894187",57166,3745,"Rosaceae",NA,NA,1,NA,"i",NA,NA,NA,"h",NA,NA,NA,NA,"h",NA,NA,NA,"h",NA,"h","i",NA,"i","i",NA,"i","h",NA,"h","h",NA,"h","h",NA,"h","h",NA,"h","h",NA,"h",NA,NA,"h",NA,NA,NA,NA,"h",NA,"h",NA,NA,"i",NA,NA,"h",NA,NA,"h",NA,"h","i","i",NA,"h",NA,NA,"h",NA,NA,NA,"i",NA,NA,"i",NA,"h","tribe","Potentilleae",NA,"[]",NA,721789,"atcccgttttatgaaaacaaacaagggtttcagaaagcgagaataaataagg","GH_Food"
"FF_GH_00000066","FF_GH_00000066","",0.980769230769,"AB219648",50224,3745,"Rosaceae",NA,NA,52,NA,"h",NA,NA,NA,"h",NA,NA,NA,NA,"i",NA,NA,NA,"i",NA,"h","h",NA,"h","h",NA,"h","h",NA,"h","i",NA,"h","i",NA,"h","h",NA,"i","h",NA,"i",NA,NA,"i",NA,NA,NA,NA,"i",NA,"h",NA,NA,"h",NA,NA,"i",NA,NA,"h",NA,"i","h","h",NA,"h",NA,NA,"i",NA,NA,NA,"h",NA,NA,"h",NA,"h","family","Rosaceae",NA,"[]",NA,3745,"atcccgttttatgaaaacaaacaagggtttcagaaagcgagaataaataaag","GH_Food"
"FF_GH_00000012","FF_GH_00000012","",1,"AB219628",48349,3745,"Rosaceae",NA,NA,1,NA,"h",NA,NA,NA,"h",NA,NA,NA,NA,"h",NA,NA,NA,NA,NA,"h","h",NA,"h","h",NA,"h","s",NA,"h","h",NA,"h","h",NA,"h","h",NA,"h","h",NA,"h",NA,NA,"h",NA,NA,NA,NA,"h",NA,"h",NA,NA,"h",NA,NA,"h",NA,NA,"h",NA,"h",NA,"h",NA,"h",NA,NA,"h",NA,NA,NA,"h",NA,NA,"h",NA,"h","tribe","Colurieae",NA,"[]",NA,721790,"atcccgttttatgaaaagaaacaagggtttcagaacgcgagaataaataaag","GH_Food"
"FF_GH_00000024","FF_GH_00000024","",1,"GQ244825",36057,42219,"Cornaceae",4281,"Cornus",1,NA,"h",NA,"h",NA,"h",NA,NA,"s",NA,"h",NA,NA,NA,"h",NA,"h","h",NA,"h","h","h","h","h",NA,"h","h",NA,"h","h",NA,"h","h",NA,"h","h",NA,"h",NA,"h","h",NA,"h",NA,NA,"h","h","h",NA,NA,"h",NA,NA,"h",NA,NA,"h",NA,"h","h","h",NA,"h",NA,NA,"h",NA,"h","h","h",NA,NA,"h","h","h","species","Cornus suecica",164435,"['Cornus suecica']","Cornus suecica",164435,"atcctgttttccgaaaacaaacaaaggttcagaaagctaaaaaaaaaaag","GH_Food"
"FF_GH_00000034","FF_GH_00000034","",1,"AF271707",24396,4345,"Ericaceae",NA,NA,1,NA,NA,"h","h",NA,"h",NA,NA,"h",NA,"h","h","s","h","h","h","s","h","h","h","h","h","h","h",NA,"h","h",NA,"h","h","s","h","h",NA,"h","h",NA,"h","s","h","s",NA,"h","h","h","h","h","h",NA,NA,"h",NA,"h","h",NA,NA,"h","h","h","h","h","s","h",NA,NA,"h",NA,"h","h","h",NA,NA,"h","h","h","tribe","Vaccinieae",NA,"[]",NA,217062,"atcctttttttttttggcaaacaaataaagattccgaaagaaaaagg","GH_Food"
"FF_GH_00000059","FF_GH_00000059","",0.979591836735,"EU072618",20316,3745,"Rosaceae",23138,"Alchemilla",2,NA,"h",NA,NA,NA,"h",NA,NA,NA,NA,"h",NA,NA,NA,NA,NA,"h","h",NA,"h","h",NA,"h","h",NA,"h","h",NA,"h","h",NA,"h","h",NA,"h","h",NA,"h",NA,NA,"h",NA,NA,NA,NA,"h",NA,"s",NA,NA,"h",NA,NA,"h",NA,NA,"h",NA,"h",NA,"h",NA,"h",NA,NA,"h",NA,NA,NA,"h",NA,NA,"h","h","h","genus","Alchemilla",NA,"['Alchemilla flabellata']",NA,23138,"atcccgttttatgaaaacaaaggtttcagaaagcgagaataaataagg","GH_Food"
"FF_GH_00000134","FF_GH_00000134","",1,"EU326063",17884,4027,"Geraniaceae",4028,"Geranium",1,NA,"h",NA,NA,NA,"h",NA,NA,NA,NA,"h","h",NA,NA,NA,NA,"h","h",NA,"h","h","h","h","h",NA,"h","h",NA,"h","h",NA,"h","h",NA,"h","h",NA,"h",NA,NA,"h",NA,NA,NA,NA,"h",NA,NA,NA,NA,"h",NA,NA,"h",NA,NA,"h",NA,"h","s","h",NA,"h",NA,NA,"h",NA,NA,NA,"h",NA,NA,"h",NA,"h","genus","Geranium",NA,"[]",NA,4028,"atccttttttacgaaaataaagagggtctcagaaagcgagaatagaaaaaaaaag","GH_Food"
"FF_GH_00000045","FF_GH_00000045","",0.98,"GQ244825",15337,42219,"Cornaceae",4281,"Cornus",1,NA,"h",NA,"i",NA,"i",NA,NA,NA,NA,"i","h",NA,NA,"i",NA,"i","i",NA,"i","i","i","h","i",NA,"i","i",NA,"h","i",NA,"i","i",NA,"h","i",NA,"i",NA,"i","i",NA,"i",NA,NA,"i","i","i",NA,NA,"h",NA,NA,"i",NA,NA,"h",NA,"i","i","i",NA,"i",NA,NA,"i",NA,NA,"h","i",NA,NA,"i","i","i","species","Cornus suecica",164435,"['Cornus suecica']","Cornus suecica",164435,"atcctgttttccgaaaacaaacaaaggttcagaaagctaaaaaaaaaag","GH_Food"
"FF_GH_00000338","FF_GH_00000338","",1,"AB219660",14462,3615,"Polygonaceae",NA,NA,1,NA,"h",NA,"h",NA,"h",NA,NA,NA,NA,"h",NA,"h",NA,NA,NA,"h","h",NA,"h","s","h","h","h",NA,"h","s",NA,"h","h","s","h","h",NA,"h","h",NA,"h",NA,NA,"s",NA,NA,NA,"h","h","h","h",NA,NA,"h",NA,"h","h",NA,NA,"h",NA,"h","s","h",NA,"h",NA,NA,"h",NA,"h","h","h",NA,NA,"h","h","h","tribe","Rumiceae",NA,"[]",NA,1110386,"ctcctcctttccaaaaggaagaataaaaaag","GH_Food"
"FF_GH_00000094","FF_GH_00000094","",0.977777777778,"EF440558",14450,3318,"Pinaceae",3337,"Pinus",2,NA,NA,NA,NA,NA,NA,NA,NA,"h",NA,NA,"h","h","h",NA,"h",NA,"h",NA,NA,"h",NA,"h",NA,NA,NA,NA,NA,"s",NA,NA,NA,NA,"s",NA,NA,NA,NA,NA,NA,NA,NA,"h",NA,NA,NA,NA,NA,NA,NA,NA,NA,NA,NA,NA,NA,NA,NA,NA,"h",NA,"s",NA,NA,NA,NA,NA,"s","h","s",NA,"s",NA,NA,NA,"subgenus","Pinus",NA,"['Pinus resinosa']",NA,139271,"atccggttcatgaagacaatgtttcttctcctaagataggaaggg","GH_Food"
"FF_GH_00000317","FF_GH_00000317","",1,"GQ245636",14374,4345,"Ericaceae",13749,"Vaccinium",1,NA,NA,"h","i",NA,"h",NA,NA,"h",NA,"h","h",NA,"h","h","h",NA,"h","i","h","i","h","h","i",NA,"h","h",NA,"h","h",NA,"h","i",NA,"h","h",NA,"h","s","i","s",NA,"h","i","h","i","h","i",NA,NA,"i",NA,"h","h",NA,NA,"h","s","i","h","h",NA,"h",NA,NA,"h",NA,"h","h","h",NA,NA,"i","h","h","species","Vaccinium ovalifolium",190544,"['Vaccinium ovalifolium']","Vaccinium ovalifolium",190544,"atccttttttttttggcaaacaaataaagattccgaaagaaaaagg","GH_Food"
"FF_GH_00000321","FF_GH_00000321","",0.980392156863,"AB817372",12417,3745,"Rosaceae",NA,NA,14,NA,NA,NA,NA,NA,"h",NA,NA,NA,NA,"s",NA,NA,NA,NA,NA,"h","h",NA,"h",NA,NA,"h",NA,NA,"h",NA,NA,"h",NA,NA,"h","h",NA,"h","s",NA,"h",NA,NA,"h",NA,NA,NA,NA,"h",NA,"h",NA,NA,"s",NA,NA,"h",NA,NA,"h",NA,"h",NA,"h",NA,"h",NA,NA,"h",NA,NA,NA,"h",NA,NA,NA,NA,NA,"tribe","Maleae",NA,"['Photinia loriformis', 'Docynia delavayi', 'Crataegus monogyna', 'Photinia benthamiana', 'Dichotomanthes tristaniicarpa', 'Chaenomeles sinensis', 'Malus doumeri']",NA,721813,"atcctgttttatgaaaataaacaagggtttcataaaccgaaaataaaaaag","GH_Food"
"FF_GH_00000136","FF_GH_00000136","",1,"DQ860640",10346,4345,"Ericaceae",13749,"Vaccinium",1,"s",NA,NA,NA,NA,"s",NA,NA,"h",NA,"h",NA,"h","s","h","h",NA,"h","h","h","h",NA,"h","h","h","h",NA,NA,NA,"h","h","s","h",NA,"h","h",NA,"s",NA,"h",NA,NA,NA,NA,"h",NA,NA,"h",NA,NA,"h",NA,NA,NA,NA,NA,"h","h",NA,"s","s",NA,"h",NA,NA,"h",NA,"h","h","h",NA,NA,"h","h","h","genus","Vaccinium",NA,"[]",NA,13749,"atccttctttttggcaaacaaataaagattccgaaagaaataagg","GH_Food"
"FF_GH_00000311","FF_GH_00000311","",1,"DQ860623",8495,3792,"Saxifragaceae",3798,"Saxifraga",1,NA,NA,NA,NA,"h",NA,"h","h",NA,NA,NA,NA,NA,NA,NA,NA,NA,NA,NA,NA,NA,NA,NA,NA,NA,NA,NA,NA,NA,NA,NA,NA,NA,"h",NA,NA,NA,NA,NA,NA,NA,"h",NA,NA,NA,NA,NA,NA,NA,"h",NA,NA,NA,NA,NA,"h",NA,NA,NA,NA,NA,NA,NA,NA,NA,NA,NA,NA,NA,NA,NA,"h",NA,NA,NA,"genus","Saxifraga",NA,"[]",NA,3798,"atcctgttttaagaaagcaaaacacaagggttcagaaaaagcgaataaaaaaaag","GH_Food"
"FF_GH_00000280","FF_GH_00000280","",1,"AY264505",7541,3934,"Onagraceae",238243,"Chamaenerion",1,NA,NA,NA,NA,NA,"h",NA,NA,NA,NA,"s",NA,NA,NA,NA,NA,"h","h",NA,"h","s",NA,NA,NA,NA,"h",NA,NA,"h",NA,NA,"h",NA,NA,"h","h",NA,"h",NA,NA,"h",NA,NA,NA,NA,"h",NA,NA,NA,NA,NA,NA,NA,"h",NA,NA,"h",NA,"h",NA,"h",NA,"h",NA,NA,"h",NA,NA,NA,NA,NA,NA,"i",NA,NA,"species","Chamaenerion angustifolium",13055,"['Chamaenerion angustifolium']","Chamaenerion angustifolium",13055,"atcctattttacgaaaaccaacaccggggggttagaaagcgataaaaaaaaaag","GH_Food"
"FF_GH_00000060","FF_GH_00000060","",1,"HE993635",7351,1203500,"Cystopteridaceae",32115,"Gymnocarpium",1,NA,"s",NA,"h",NA,"h",NA,NA,NA,NA,"s","h","h","h","h",NA,"s","h",NA,"s","s","h","h","s",NA,"h",NA,"s","h","h","h","h","s",NA,"s","s","h","h",NA,NA,"s",NA,"h",NA,"h","h","s","s",NA,NA,"h",NA,"h","h",NA,NA,"h","h","h",NA,"s",NA,"h",NA,NA,"h",NA,"s","h","h",NA,NA,"s","h",NA,"species","Gymnocarpium dryopteris",32116,"['Gymnocarpium dryopteris']","Gymnocarpium dryopteris",32116,"atcttgtattactcaaatgaatttcgggcaatgaggcaa","GH_Food"
"FF_GH_00000003","FF_GH_00000003","",1,"GQ244965",7060,4210,"Asteraceae",NA,NA,1,NA,"i",NA,"h",NA,"h",NA,NA,NA,NA,"h","h",NA,NA,"h",NA,"h","h",NA,"h","i","h","s","i",NA,"i","h",NA,"h","h",NA,"h","i",NA,"h","i",NA,"h",NA,NA,"s",NA,NA,NA,"i","h",NA,"h",NA,NA,"h",NA,NA,"h",NA,NA,"h",NA,"h","i","h",NA,"h",NA,NA,"h",NA,NA,NA,"h",NA,NA,"h",NA,"i","subfamily","Asteroideae",NA,"[]",NA,102804,"atcacgttttccgaaaacaagcaaaggttcagaaagcgaaaatcaaaaag","GH_Food"
"FF_GH_00000491","FF_GH_00000491","",0.980392156863,"AH007241",5912,NA,NA,NA,NA,16,NA,"h","s",NA,NA,"i",NA,NA,NA,NA,"h","i",NA,NA,NA,NA,"i","i",NA,NA,"h",NA,NA,"h",NA,"h","h",NA,"i","h",NA,"i","h",NA,"h","h",NA,"i",NA,NA,NA,NA,"h",NA,"h","i",NA,"h",NA,NA,"i",NA,NA,"h",NA,NA,"i",NA,NA,"h","i",NA,NA,NA,NA,"i",NA,NA,NA,"i",NA,NA,"h","h","h","order","Asterales",NA,"['Leucheria oligocephala', 'Trichocoryne connata', 'Delilia biflora', 'Cosmos bipinnatus', 'Atractylodes lancea', 'Ageratina adenophora', 'Tragopogon pratensis', 'Dampiera wellsiana']",NA,4209,"atcacgttttccgaaaacaaacaaaggttcagaaagcgaaaatcaaaaag","GH_Food"
"FF_GH_00000260","FF_GH_00000260","",0.980392156863,"AY285677",5290,NA,NA,NA,NA,3,NA,"i",NA,"i",NA,"i",NA,NA,NA,NA,"i","s",NA,NA,"i",NA,"i","i",NA,"i","i","i","i","i",NA,"i","i",NA,"i","i",NA,"i","i",NA,"i","i",NA,"i",NA,NA,"i",NA,"i",NA,NA,"i","i","i",NA,NA,"i",NA,NA,"i",NA,NA,"i",NA,"i","i","i",NA,"i",NA,NA,"i",NA,NA,NA,"i",NA,NA,"i",NA,"i","order","Cornales",NA,"['Cornus suecica']",NA,41934,"atcctgttttccgaaaacaaacaaaggttcagaaagctaaaaaaaaaaaag","GH_Food"
"FF_GH_00000187","FF_GH_00000187","",0.978260869565,"AJ430966",5106,NA,NA,NA,NA,15,NA,"s",NA,NA,NA,"h",NA,NA,NA,NA,"h",NA,NA,NA,NA,NA,"s","s",NA,NA,"h",NA,"h",NA,NA,"h","s",NA,"h","h",NA,"h","s",NA,"h","h",NA,"h",NA,NA,"h",NA,NA,NA,NA,"h",NA,"s",NA,NA,"h",NA,NA,"h",NA,NA,"h",NA,NA,NA,"h",NA,"h",NA,NA,"h",NA,NA,NA,"h",NA,NA,"h",NA,NA,"order","Asterales",NA,"['Cymbonotus lawsonianus', 'Saussurea nematolepis', 'Helichrysum glumaceum', 'Villarsia sp. Fay s.n.', 'Argophyllum sp. Telford 5462', 'Dimorphotheca sinuata', 'Anisopappus corymbosus', 'Chaetanthera sp. Moreira 1736']",NA,4209,"atcacgttttccgaaaacaaaggttcagaaagcgaaaatcaaaaag","GH_Food"
"FF_GH_00000200","FF_GH_00000200","",0.982456140351,"GQ244985",4843,3745,"Rosaceae",23170,"Filipendula",1,NA,NA,NA,NA,NA,"i",NA,NA,NA,NA,NA,NA,NA,NA,NA,NA,NA,NA,NA,"i","i",NA,NA,NA,NA,"i",NA,NA,"i","i",NA,"i",NA,NA,"i",NA,NA,"i",NA,NA,"i",NA,NA,NA,NA,"i",NA,NA,NA,NA,NA,NA,NA,"i",NA,NA,"i",NA,"i",NA,"i",NA,"i",NA,NA,"i",NA,NA,NA,NA,NA,NA,NA,NA,NA,"species","Filipendula ulmaria",57917,"['Filipendula ulmaria']","Filipendula ulmaria",57917,"atcccgttttctgaaaacaaacacgggtttcagaaacccagaataaataaagtaaag","GH_Food"
"FF_GH_00000383","FF_GH_00000383","",1,"AF271700",4735,4345,"Ericaceae",128891,"Gaylussacia",1,NA,"s","i","i",NA,NA,NA,NA,"i",NA,"i","i","s","i","i","i",NA,"i",NA,"h","i","i","i","i",NA,"i","i",NA,"h","i",NA,"s","i",NA,"i","i","s","i",NA,"i",NA,NA,"i","i","i","i","i","i",NA,NA,"h",NA,"h","i",NA,NA,"i",NA,"i","i","s",NA,"i",NA,NA,"i",NA,"i","i","i",NA,NA,"i","i","i","genus","Gaylussacia",NA,"[]",NA,128891,"atcctttttttttggcaaacaaataaagattccgaaagaaaaagg","GH_Food"
"FF_GH_00000261","FF_GH_00000261","",1,"AY521307",4470,3568,"Caryophyllaceae",NA,NA,1,NA,NA,NA,NA,"h",NA,"h",NA,NA,NA,NA,NA,NA,NA,NA,NA,NA,NA,NA,NA,NA,NA,NA,NA,NA,NA,NA,NA,NA,NA,NA,NA,NA,NA,NA,NA,NA,NA,NA,NA,NA,"h",NA,NA,NA,NA,NA,NA,NA,NA,NA,NA,NA,NA,NA,NA,NA,NA,NA,NA,NA,NA,NA,NA,"h",NA,NA,NA,NA,NA,NA,"h",NA,NA,NA,"tribe","Alsineae",NA,"[]",NA,1141488,"ctccttaattgtctcctaaaaaaaacggattcaaaaagaaagaataaaaaag","GH_Food"
"FF_GH_00000402","FF_GH_00000402","",0.979166666667,"AY254225",3907,37822,"Loasaceae",NA,NA,10,NA,"i",NA,NA,NA,"i",NA,NA,NA,NA,"i","s",NA,NA,"i",NA,"i","i",NA,"i","i","i","i","i",NA,"i","i",NA,"i","i",NA,"i","i",NA,"i","i",NA,"i",NA,"i","i",NA,NA,NA,NA,"i","i","i",NA,NA,"i",NA,NA,"i",NA,NA,"i",NA,"i","i","i",NA,"i",NA,NA,"i",NA,NA,"s","i",NA,NA,"i",NA,"i","family","Loasaceae",NA,"['Loasa insons', 'Loasa intricata']",NA,37822,"atcctgttttccgaaaacaaacaaaggttcagaaagctaaaaaaaaag","GH_Food"
"FF_GH_00000188","FF_GH_00000188","",0.981132075472,"AB168048",3848,4479,"Poaceae",NA,NA,34,NA,NA,NA,NA,NA,NA,NA,NA,NA,NA,NA,NA,NA,NA,NA,NA,NA,NA,NA,NA,NA,NA,NA,NA,NA,NA,NA,NA,NA,NA,NA,NA,NA,NA,NA,NA,NA,NA,NA,NA,NA,NA,NA,NA,NA,NA,NA,NA,NA,NA,NA,NA,NA,NA,NA,NA,NA,NA,NA,NA,NA,NA,NA,NA,"h",NA,NA,NA,NA,NA,NA,NA,NA,NA,NA,"no rank","PACMAD clade",NA,"[]",NA,147370,"atcccttttttgaaaaaacaagtggttctcaaactagaacccaaaggaaaag","GH_Food"
"FF_GH_00000149","FF_GH_00000149","",1,"AF444007",3582,4037,"Apiaceae",NA,NA,1,NA,NA,NA,NA,NA,"h",NA,NA,NA,NA,"h",NA,NA,NA,"h",NA,"s","s",NA,"h",NA,NA,NA,NA,NA,"h",NA,NA,"h","h",NA,"h","s",NA,"h","s",NA,"s",NA,NA,"s",NA,NA,NA,NA,"h",NA,"s",NA,NA,"h",NA,NA,"h",NA,NA,"h",NA,"h",NA,"s",NA,"h",NA,NA,"i",NA,NA,NA,"h",NA,NA,"s",NA,"s","subfamily","Apioideae",NA,"[]",NA,241778,"atcctattttccaaaaacaaacaaaggcccagaaggtgaaaaaag","GH_Food"
"FF_GH_00001011","FF_GH_00001011","",1,"AJ271687",3458,4479,"Poaceae",NA,NA,1,NA,"h",NA,NA,NA,NA,NA,NA,NA,NA,"h","h","h",NA,NA,NA,NA,"h",NA,NA,NA,"h",NA,"s",NA,"h",NA,NA,NA,"h",NA,"s","s",NA,"h","s",NA,NA,NA,NA,NA,NA,NA,NA,NA,NA,NA,NA,NA,NA,NA,NA,"s",NA,NA,NA,"h",NA,NA,"s","s","h",NA,NA,NA,NA,NA,NA,"h",NA,NA,NA,"h","h","h","no rank","Poeae Chloroplast Group 2 (Poeae type)",NA,"[]",NA,1652081,"atccgtgttttgagaagggggttctcgaactagaatacaaaggaaaag","GH_Food"
"FF_GH_00001205","FF_GH_00001205","",0.981481481481,"AY264505",3385,3934,"Onagraceae",238243,"Chamaenerion",1,NA,NA,NA,NA,NA,"h",NA,NA,NA,NA,NA,NA,NA,NA,NA,NA,"i","i",NA,"i","s",NA,NA,NA,NA,"i",NA,NA,"h","s",NA,"h",NA,NA,"h","s",NA,"h",NA,NA,"i",NA,NA,NA,NA,"i",NA,NA,NA,NA,NA,NA,NA,"i",NA,NA,"h",NA,"h",NA,"i",NA,"h",NA,NA,"i",NA,NA,NA,"s",NA,NA,"h",NA,NA,"species","Chamaenerion angustifolium",13055,"['Chamaenerion angustifolium']","Chamaenerion angustifolium",13055,"atcctattttacgaaaaccaacaccggggggttagaaagcgataaaaaaaaag","GH_Food"
"FF_GH_00000893","FF_GH_00000893","",1,"DQ860641",3051,4345,"Ericaceae",13749,"Vaccinium",1,NA,NA,NA,NA,NA,NA,NA,NA,"h",NA,"h",NA,"h","h",NA,"s",NA,"s","h",NA,"h",NA,"h","h",NA,"s",NA,NA,NA,"h",NA,NA,"h",NA,"h",NA,"h","s",NA,"h",NA,NA,NA,"h","s",NA,"h","s",NA,NA,"s",NA,NA,"h",NA,NA,"h","h",NA,"h","h",NA,NA,NA,NA,"h",NA,"h","h",NA,NA,NA,"h",NA,"s","species","Vaccinium vitis-idaea",180772,"['Vaccinium vitis-idaea']","Vaccinium vitis-idaea",180772,"atccttttttttttggcaaacaaataaagattccgaaagaaaaaaaaagg","GH_Food"
"FF_GH_00000109","FF_GH_00000109","",1,"DQ860530",2828,3615,"Polygonaceae",NA,NA,1,NA,"h",NA,NA,"h","s","h","h",NA,NA,"h",NA,NA,NA,NA,NA,NA,"h",NA,"h","h",NA,"h","h",NA,"h","h",NA,"h","h",NA,"s","h","h","h","h",NA,"s",NA,NA,NA,"h",NA,NA,NA,"h",NA,"h",NA,"h","h",NA,"s",NA,NA,"h","s",NA,NA,"h","s",NA,"h",NA,"h","s",NA,NA,NA,"s",NA,"h","h","h","h","subfamily","Polygonoideae",NA,"[]",NA,1110380,"ctcctgctttccaaaaaggaagaataaaaaag","GH_Food"
"FF_GH_00000851","FF_GH_00000851","",0.944444444444,"AF129587",2616,NA,NA,NA,NA,8,NA,NA,NA,NA,NA,NA,"h",NA,NA,NA,"i",NA,"h","h",NA,"s",NA,NA,"s",NA,"h",NA,NA,"s",NA,NA,NA,NA,NA,NA,NA,NA,NA,"i","s",NA,"i",NA,NA,"h",NA,NA,NA,NA,NA,NA,NA,"h",NA,"h",NA,NA,"h",NA,NA,"i",NA,NA,NA,NA,NA,NA,NA,NA,NA,"s",NA,NA,"h",NA,NA,NA,"s",NA,NA,"subclass","Dicranidae",NA,"['Dicranum scoparium', 'Wardia hygrometrica']",NA,114657,"attttatcttaaaaatga","GH_Food"
"FF_GH_00000906","FF_GH_00000906","",1,"AH015556",2552,4479,"Poaceae",NA,NA,1,NA,"h",NA,NA,NA,"i","h",NA,NA,NA,"h",NA,"s",NA,NA,NA,"h","h",NA,"h","h","h",NA,"i",NA,"h",NA,NA,NA,"h",NA,"i","i","s","i","h",NA,NA,NA,NA,NA,"h",NA,NA,NA,"h",NA,"s",NA,"h","i",NA,"s",NA,NA,"s","i",NA,NA,NA,"i",NA,NA,NA,"i","i",NA,NA,"h","h",NA,"h","h","i","h","tribe","Poeae",NA,"[]",NA,147387,"atccgtgttttgagaaaacaagggggttctcgaactagaatacaaaggaaaag","GH_Food"
"FF_GH_00001322","FF_GH_00001322","",1,"AB817457",2134,4345,"Ericaceae",13749,"Vaccinium",1,NA,NA,"i","i",NA,NA,NA,NA,"i",NA,"i","i",NA,"i","i","i","s","i",NA,"i","i","i","i","i",NA,"i",NA,NA,NA,"i",NA,"i","i",NA,"i","i",NA,"i",NA,"i",NA,NA,"i","i","i","i","i","i",NA,NA,"i",NA,"i","i",NA,NA,"i","i","i","i",NA,NA,"i",NA,NA,"i",NA,"i","i","i",NA,NA,"i","i","i","species","Vaccinium boninense",1004256,"['Vaccinium boninense']","Vaccinium boninense",1004256,"atccttttttttttttggcaaacaaataaagattccgaaagaaaaagg","GH_Food"
"FF_GH_00001564","FF_GH_00001564","",0.954545454545,"AM990368",2106,NA,NA,NA,NA,14,NA,NA,NA,NA,NA,NA,"h",NA,NA,NA,NA,NA,NA,NA,NA,NA,NA,NA,NA,NA,NA,NA,NA,NA,NA,NA,NA,NA,NA,NA,NA,NA,NA,"h",NA,NA,NA,NA,NA,NA,NA,NA,NA,NA,NA,NA,NA,NA,NA,"h",NA,NA,NA,NA,NA,"s",NA,NA,NA,NA,NA,NA,NA,NA,NA,NA,NA,NA,NA,NA,NA,"h",NA,NA,NA,"subclass","Bryidae",NA,"['Pohlia bolanderi', 'Catagonium nitens', 'Glossadelphus glossoides', 'Pelekium velatum', 'Brachythecium populeum', 'Lindigia debilis', 'Isopterygiopsis muelleriana', 'Callicladium haldanianum', 'Aplodon wormskioldii']",NA,114658,"attttatttcgtttgaaaataa","GH_Food"
"FF_GH_00001788","FF_GH_00001788","",1,"AY177347",1945,4479,"Poaceae",NA,NA,1,NA,"h",NA,"h",NA,"h","s",NA,NA,NA,"h",NA,NA,NA,NA,NA,"h","h",NA,NA,"h","h","h","h",NA,"h",NA,NA,NA,"h",NA,"h","h",NA,"h","h",NA,"h",NA,"h",NA,NA,NA,NA,NA,NA,NA,"h",NA,NA,"h",NA,NA,NA,NA,NA,"h",NA,NA,NA,"h",NA,NA,NA,NA,NA,NA,NA,NA,"h",NA,NA,"h",NA,"i","no rank","Poeae Chloroplast Group 1 (Aveneae type)",NA,"[]",NA,1652080,"atccgtgttttgagaaaacaaaggggttctcgaatcgaactagaatacaaaggaaaag","GH_Food"
"FF_GH_00002140","FF_GH_00002140","",0.981818181818,"AY264505",1875,3934,"Onagraceae",238243,"Chamaenerion",1,NA,NA,NA,NA,NA,"i",NA,NA,NA,NA,NA,NA,NA,NA,NA,NA,"i","i",NA,"h",NA,NA,NA,NA,NA,"i",NA,NA,"i",NA,NA,"i",NA,NA,"i",NA,NA,"i",NA,NA,NA,NA,NA,NA,NA,"i",NA,NA,NA,NA,NA,NA,NA,"i",NA,NA,"i",NA,"i",NA,"i",NA,"i",NA,NA,"i",NA,NA,NA,NA,NA,NA,NA,NA,NA,"species","Chamaenerion angustifolium",13055,"['Chamaenerion angustifolium']","Chamaenerion angustifolium",13055,"atcctattttacgaaaaccaacaccggggggttagaaagcgataaaaaaaaaaag","GH_Food"
"FF_GH_00000006","FF_GH_00000006","",1,"AF374782",1874,3792,"Saxifragaceae",3798,"Saxifraga",1,NA,NA,NA,NA,NA,NA,"h","h",NA,NA,NA,NA,NA,NA,NA,NA,NA,NA,NA,NA,NA,NA,NA,NA,NA,NA,NA,NA,NA,NA,NA,NA,NA,"h",NA,NA,NA,NA,NA,NA,NA,NA,NA,NA,NA,NA,NA,NA,NA,"h",NA,NA,NA,NA,NA,NA,NA,NA,NA,NA,NA,NA,NA,NA,"h",NA,NA,NA,NA,NA,NA,"h",NA,NA,NA,"genus","Saxifraga",NA,"[]",NA,3798,"atcctgttttaagaaagcaaaacacaagggttcagaaaaagcgaataaaaaaaaggaaag","GH_Food"
"FF_GH_00002883","FF_GH_00002883","",1,"EF137590",1739,4479,"Poaceae",15324,"Anthoxanthum",1,NA,"h",NA,"h",NA,NA,NA,NA,NA,NA,"h","h",NA,NA,"h",NA,"s","h",NA,"h","h","h","h","h",NA,"h",NA,NA,"h","h",NA,"s","h",NA,"h","h",NA,NA,NA,NA,NA,NA,"h",NA,"h",NA,NA,"h",NA,NA,"h",NA,"h",NA,NA,NA,NA,NA,NA,"h","s",NA,NA,NA,NA,"s",NA,NA,NA,"h",NA,NA,"h","s","s","genus","Anthoxanthum",NA,"[]",NA,15324,"atccttgttttgagaaaacaaaagggttctcgaactagaatacaaaggaaaag","GH_Food"
"FF_GH_00000483","FF_GH_00000483","",0.954545454545,"AF152385",1702,NA,NA,NA,NA,10,"s",NA,NA,NA,NA,"s",NA,NA,NA,NA,"s",NA,"h","s",NA,"h",NA,NA,"s","s","s","s","h","h",NA,NA,NA,NA,"s","s","s",NA,"s",NA,NA,"s","s","s",NA,"s","s",NA,"s",NA,NA,"s",NA,"s",NA,NA,"s",NA,"s","s",NA,NA,NA,"h",NA,"h",NA,NA,NA,NA,NA,"s",NA,"h","s","s",NA,NA,"s",NA,NA,"order","Hypnales",NA,"['Hamatocaulis vernicosus', 'Stereodon hamulosus', 'Hylocomium splendens', 'Homaliodendron exiguum', 'Himantocladium cyclophyllum', 'Hamatocaulis lapponicus']",NA,13798,"atcttatttcgtttggaaataa","GH_Food"
"FF_GH_00003645","FF_GH_00003645","",0.98,"DQ860641",1689,4345,"Ericaceae",13749,"Vaccinium",4,NA,NA,NA,NA,NA,"s",NA,NA,"h",NA,"i",NA,"i","i",NA,"s",NA,"s","i",NA,"i",NA,"h","s",NA,"s",NA,NA,NA,NA,NA,NA,"h",NA,"i",NA,"h","s",NA,"h",NA,NA,NA,"i","h",NA,"h","s",NA,NA,NA,NA,NA,"h",NA,NA,NA,"h",NA,"i","h",NA,NA,NA,NA,"h",NA,"h","h",NA,NA,NA,"h",NA,NA,"species","Vaccinium vitis-idaea",180772,"['Vaccinium vitis-idaea']","Vaccinium vitis-idaea",180772,"atcctttttttttggcaaacaaataaagattccgaaagaaaaaaaaagg","GH_Food"
"FF_GH_00000467","FF_GH_00000467","",0.961538461538,"KJ746332",1526,3745,"Rosaceae",23170,"Filipendula",6,NA,NA,NA,NA,NA,NA,NA,NA,NA,NA,"h",NA,NA,NA,NA,NA,"s",NA,NA,"s","h",NA,NA,NA,NA,"h",NA,NA,"h","h",NA,"h",NA,NA,"h",NA,NA,"h",NA,NA,"h",NA,NA,NA,NA,"h",NA,NA,NA,NA,NA,NA,NA,"h",NA,NA,"h",NA,"h",NA,"h",NA,"h",NA,NA,"h",NA,NA,NA,"s",NA,NA,"s",NA,NA,"species","Filipendula vulgaris",32228,"['Filipendula vulgaris']","Filipendula vulgaris",32228,"atcccgttttctgaaaacaaacacgggtttcagaaatccagaataaataaag","GH_Food"
"FF_GH_00001606","FF_GH_00001606","",1,"AF374779",1520,3792,"Saxifragaceae",3798,"Saxifraga",1,NA,NA,NA,NA,NA,NA,NA,NA,NA,NA,NA,NA,NA,NA,NA,NA,NA,NA,NA,NA,NA,NA,NA,NA,NA,"s",NA,NA,NA,NA,NA,NA,NA,NA,NA,NA,NA,NA,NA,NA,NA,NA,NA,NA,NA,NA,NA,"h",NA,"i",NA,NA,NA,NA,NA,NA,"h",NA,NA,NA,NA,NA,NA,NA,NA,NA,NA,NA,NA,NA,NA,NA,NA,NA,NA,"genus","Saxifraga",NA,"[]",NA,3798,"atcctgttttaagaaagcaacacacaagggttcagaaaaagcgaaaaaagaatag","GH_Food"
"FF_GH_00002422","FF_GH_00002422","",0.954545454545,"AF397775",1473,37421,"Brachytheciaceae",NA,NA,3,NA,NA,NA,"h",NA,NA,NA,NA,NA,NA,NA,"h",NA,NA,NA,"s",NA,NA,NA,NA,NA,"h","s",NA,NA,NA,NA,NA,NA,NA,"s",NA,NA,NA,NA,NA,NA,NA,NA,NA,NA,NA,NA,NA,"h",NA,NA,NA,NA,NA,NA,NA,"h",NA,NA,NA,NA,NA,NA,NA,NA,NA,NA,NA,NA,NA,NA,NA,NA,"s",NA,NA,NA,"s",NA,"family","Brachytheciaceae",NA,"['Scleropodiopsis laxiretis', 'Sciuro-hypnum reflexum', 'Brachythecium rutabulum']",NA,37421,"atgttatttcgtttgaaaatga","GH_Food"
"FF_GH_00000108","FF_GH_00000108","",1,"DQ410744",1399,3440,"Ranunculaceae",3445,"Ranunculus",1,NA,NA,NA,NA,NA,"s",NA,NA,NA,NA,"s","h",NA,NA,NA,NA,"s","s",NA,"h","s","h",NA,NA,NA,"h",NA,NA,"h","h",NA,"h","h",NA,"h","h",NA,"h",NA,NA,NA,NA,"h",NA,NA,"h",NA,"s",NA,NA,"h",NA,NA,"h",NA,NA,"s",NA,NA,"s","s",NA,NA,NA,NA,"s",NA,NA,NA,"s",NA,NA,"h","h","h","genus","Ranunculus",NA,"[]",NA,3445,"atcctgctttcagaaagcaaaaaaagg","GH_Food"
"FF_GH_00001249","FF_GH_00001249","",0.980392156863,"AJ430961",1283,NA,NA,NA,NA,6,NA,NA,NA,NA,NA,NA,NA,NA,NA,NA,"h",NA,NA,NA,NA,NA,"s",NA,NA,"h",NA,NA,NA,NA,NA,"i",NA,NA,NA,"i",NA,"h",NA,NA,"h",NA,NA,NA,NA,NA,"h",NA,NA,NA,NA,"h",NA,"h",NA,NA,"h",NA,NA,NA,NA,NA,"h",NA,NA,NA,"h",NA,NA,NA,NA,"h",NA,NA,NA,NA,NA,NA,NA,NA,NA,"no rank","campanulids",NA,"['Alseuosmia macrophylla', 'Aralidium pinnatifidum', 'Torricellia tiliifolia', 'Liparophyllum gunnii']",NA,91882,"atcccgttttccgaaaacaaacaaaggttcagaaagcgaaaataaaaaag","GH_Food"
"FF_GH_00001189","FF_GH_00001189","",0.982142857143,"AB685313",1185,3688,"Salicaceae",NA,NA,4,NA,NA,"i",NA,"i","i","i","i",NA,NA,"i",NA,NA,NA,"i",NA,"i",NA,"i",NA,"i",NA,NA,"i",NA,"i",NA,NA,"i","i",NA,"i","i","i","i","i",NA,"i","i","i","i","i",NA,NA,NA,"i",NA,"i",NA,"i","i",NA,"i","i",NA,"i",NA,NA,NA,"i","i",NA,NA,NA,"i","i",NA,NA,NA,NA,NA,"i","i",NA,"i","family","Salicaceae",NA,"['Populus balsamifera', 'Salix triandra']",NA,3688,"atcctatttttcgaaaataaacaaaggttcataaagacagaataagaatacaaaag","GH_Food"
"FF_GH_00001834","FF_GH_00001834","",1,"AJ512217",1025,3745,"Rosaceae",23138,"Alchemilla",1,NA,NA,NA,NA,NA,NA,NA,NA,NA,NA,NA,NA,NA,NA,NA,NA,NA,NA,NA,NA,"h",NA,NA,"h",NA,"s","s",NA,NA,"h",NA,"h",NA,NA,NA,"h",NA,"s",NA,NA,"h",NA,NA,NA,NA,NA,NA,"h",NA,NA,NA,NA,NA,NA,NA,NA,NA,NA,"h","s",NA,NA,NA,NA,NA,NA,NA,NA,NA,NA,NA,NA,"h",NA,"s","genus","Alchemilla",NA,"[]",NA,23138,"atcccttatttatgaaaacaaaggtttcagaaagcgagaataaataagg","GH_Food"
"FF_GH_00004057","FF_GH_00004057","",1,"AF366912",931,4200,"Caprifoliaceae",NA,NA,1,NA,NA,NA,NA,NA,NA,NA,NA,NA,NA,NA,NA,NA,NA,NA,NA,NA,NA,NA,NA,NA,NA,NA,NA,NA,NA,NA,NA,NA,NA,NA,NA,NA,NA,NA,NA,NA,NA,NA,"h",NA,NA,NA,"h",NA,NA,NA,"s",NA,NA,NA,NA,NA,NA,NA,NA,NA,NA,NA,NA,NA,NA,NA,NA,NA,NA,NA,"h","h",NA,NA,NA,NA,NA,NA,"family","Caprifoliaceae",NA,"[]",NA,4200,"atccagttttacgaaaacaaacaagggttcagaaagctaaaatcaaaaag","GH_Food"
"FF_GH_00001342","FF_GH_00001342","",1,"AY226120",855,3256,"Equisetaceae",3257,"Equisetum",1,NA,"s",NA,"s",NA,"s","h","h",NA,NA,"s","s",NA,"s",NA,NA,NA,"h",NA,"h","h","s","s","h",NA,NA,"s",NA,"s","s",NA,NA,NA,NA,"s",NA,NA,"s",NA,NA,NA,NA,"s",NA,NA,"s","s",NA,NA,"h","h",NA,NA,NA,NA,"s","s",NA,NA,NA,NA,NA,"s",NA,"h",NA,NA,NA,NA,"s",NA,"s","s",NA,NA,"genus","Equisetum",NA,"[]",NA,3257,"attctacctag","GH_Food"
"FF_GH_00007490","FF_GH_00007490","",1,"HE993645",780,3220,"Dicranaceae",3221,"Dicranum",1,NA,NA,NA,NA,NA,NA,"i",NA,NA,NA,"h",NA,"i",NA,NA,NA,NA,NA,NA,NA,"i",NA,NA,NA,NA,NA,NA,NA,NA,NA,NA,NA,"s",NA,NA,NA,"h",NA,NA,"i",NA,NA,NA,NA,NA,NA,NA,"i",NA,NA,NA,NA,"i","s",NA,NA,NA,NA,NA,"s",NA,NA,NA,NA,NA,NA,NA,NA,NA,NA,NA,NA,"s","s","s","genus","Dicranum",NA,"[]",NA,3221,"attttatcttaaaatga","GH_Food"
"FF_GH_00000292","FF_GH_00000292","",1,"KY427333",742,1203520,"Athyriaceae",32109,"Athyrium",1,NA,NA,NA,"i",NA,NA,NA,NA,NA,NA,"i","i","i",NA,NA,NA,NA,NA,NA,NA,"i","i",NA,NA,NA,NA,NA,NA,NA,"i","i",NA,NA,NA,"s","i","i",NA,NA,NA,NA,NA,NA,NA,"i",NA,"i",NA,NA,NA,NA,NA,"i",NA,NA,NA,NA,NA,NA,"s",NA,NA,NA,NA,NA,NA,NA,"i","i","i",NA,NA,NA,"i",NA,"species","Athyrium sinense",672195,"['Athyrium sinense']","Athyrium sinense",672195,"atcttgtattattcggatgaatttcgggcgatgaggcga","GH_Food"
"FF_GH_00001283","FF_GH_00001283","",1,"AB079405",711,4609,"Cyperaceae",13398,"Carex",1,NA,NA,NA,NA,NA,NA,NA,NA,NA,NA,"h",NA,NA,NA,"h",NA,"h","s",NA,"h","h",NA,NA,NA,NA,"h",NA,NA,NA,"s",NA,"s","h",NA,NA,"s",NA,NA,NA,NA,NA,NA,NA,NA,NA,"s",NA,"h",NA,"h","s",NA,NA,NA,NA,NA,"s",NA,NA,NA,"s",NA,NA,NA,NA,"s",NA,NA,NA,"s",NA,NA,"s",NA,"h","genus","Carex",NA,"[]",NA,13398,"atcttctttttgagaaaaagaaatatataaaatatttcttatttcagataagaaataatattttttcttatctaatattaaa","GH_Food"
"FF_GH_00001261","FF_GH_00001261","",1,"AF129588",664,3220,"Dicranaceae",NA,NA,1,NA,NA,NA,"s",NA,NA,NA,NA,NA,NA,NA,NA,"s",NA,NA,NA,NA,NA,NA,NA,"h",NA,NA,NA,NA,"s",NA,NA,NA,NA,NA,NA,NA,NA,NA,NA,"h",NA,NA,NA,NA,NA,"s",NA,NA,NA,NA,"s",NA,NA,NA,NA,"h",NA,NA,NA,NA,NA,NA,"s",NA,NA,NA,NA,NA,NA,NA,NA,"h",NA,NA,NA,NA,"s",NA,"family","Dicranaceae",NA,"[]",NA,3220,"attttatctcgaaaatga","GH_Food"
"FF_GH_00001877","FF_GH_00001877","",0.983606557377,"AB979732",608,3514,"Betulaceae",NA,NA,1,NA,NA,NA,NA,NA,NA,NA,NA,"i",NA,"i","i","i","i","i","i",NA,"i","i","i","i",NA,"i",NA,"i","i","i","i","i","i","i","i","i",NA,"i","i",NA,"i",NA,"i","i",NA,NA,"i","i",NA,NA,"i",NA,NA,"i",NA,NA,"i",NA,NA,"i","i",NA,"i","i",NA,NA,NA,NA,"i",NA,"i",NA,"i",NA,NA,"i","i","i","family","Betulaceae",NA,"[]",NA,3514,"gtcctgttttccgaaaacaaataaaacaaatttaagggttcataaagtgagaataaaaaag","GH_Food"
"FF_GH_00001078","FF_GH_00001078","",0.982142857143,"AB685313",533,3688,"Salicaceae",NA,NA,4,NA,NA,"i",NA,"i","i","i","i",NA,NA,"i",NA,"i",NA,"i",NA,"i","i","i","i","i",NA,NA,"i","i","i","i",NA,"i","i",NA,"i","i","i","i","i",NA,"i","i","i","i","i",NA,NA,"i","i","i","i",NA,"i","i",NA,"i","i",NA,"i","i",NA,"i","i","i",NA,"i",NA,"i","i",NA,"i","i","i","s","i","i",NA,"i","family","Salicaceae",NA,"['Populus balsamifera', 'Salix triandra']",NA,3688,"atcctatttttcgaaaacaaacaaaggttcataaagacagaataagaatacaaagg","GH_Food"
"FF_GH_00002052","FF_GH_00002052","",1,"DQ860558",501,4609,"Cyperaceae",46326,"Eriophorum",1,NA,NA,NA,NA,NA,NA,NA,NA,NA,NA,"i",NA,NA,NA,NA,NA,NA,NA,NA,NA,NA,NA,NA,NA,NA,NA,NA,NA,NA,NA,NA,NA,"h",NA,NA,NA,NA,NA,NA,NA,NA,NA,NA,NA,NA,NA,NA,"h",NA,NA,NA,NA,NA,NA,NA,NA,"i",NA,NA,NA,NA,NA,NA,NA,NA,NA,NA,NA,NA,"h",NA,NA,"i",NA,"h","genus","Eriophorum",NA,"[]",NA,46326,"atctttcattttgaaaaaatgagagatataaaatatctcttatttattataagaaataaaatatttcttatctaatattaaa","GH_Food"
"FF_GH_00006094","FF_GH_00006094","",1,"EF416777",493,3934,"Onagraceae",13054,"Epilobium",1,NA,NA,NA,NA,NA,NA,NA,NA,NA,NA,NA,NA,NA,NA,NA,NA,NA,NA,NA,NA,NA,NA,NA,NA,NA,NA,NA,NA,"i",NA,NA,"i","i",NA,"h",NA,NA,"h",NA,NA,NA,NA,NA,NA,NA,NA,NA,NA,NA,NA,NA,NA,NA,NA,NA,NA,NA,NA,NA,NA,"i",NA,NA,NA,NA,NA,NA,NA,NA,NA,NA,NA,NA,NA,NA,"genus","Epilobium",NA,"[]",NA,13054,"atcctattttacgaaaaccagcaccgggggtttagaaagcgataaaaaaaaag","GH_Food"
"FF_GH_00010777","FF_GH_00010777","",1,"AH015553",450,4479,"Poaceae",NA,NA,1,NA,NA,NA,NA,NA,NA,NA,NA,NA,NA,NA,NA,NA,NA,NA,NA,NA,NA,NA,NA,NA,NA,NA,NA,NA,NA,NA,NA,NA,NA,NA,NA,NA,NA,NA,NA,NA,NA,NA,NA,NA,NA,NA,NA,NA,NA,NA,NA,NA,NA,NA,NA,NA,NA,NA,NA,NA,NA,NA,NA,NA,NA,NA,NA,"h",NA,NA,NA,NA,NA,NA,NA,NA,NA,NA,"tribe","Poeae",NA,"[]",NA,147387,"atccgtgttttgagaaaaccagggggttctcgaactagaatacaaaggaaaag","GH_Food"
"FF_GH_00003850","FF_GH_00003850","",1,"AH015558",415,4479,"Poaceae",NA,NA,1,NA,NA,NA,NA,NA,NA,NA,NA,NA,NA,NA,NA,NA,NA,NA,NA,NA,"i",NA,NA,"i",NA,NA,NA,NA,"i",NA,NA,NA,NA,NA,NA,"i",NA,NA,"i",NA,NA,NA,NA,NA,"i",NA,NA,NA,NA,NA,NA,NA,NA,NA,NA,NA,NA,NA,NA,NA,NA,NA,NA,NA,NA,NA,NA,NA,NA,NA,NA,"i",NA,NA,NA,"i","h","i","tribe","Poeae",NA,"[]",NA,147387,"atccgtgttttgagaaaacaaaggggttctcgaactagaatacaaaggaaaag","GH_Food"
"FF_GH_00001824","FF_GH_00001824","",1,"AY437971",404,14101,"Juncaceae",1674043,"Oreojuncus",1,NA,NA,NA,NA,NA,NA,NA,NA,NA,NA,"s",NA,"s",NA,NA,NA,NA,NA,NA,"h","h",NA,NA,"h",NA,"h",NA,NA,NA,"s",NA,"h","h",NA,NA,NA,NA,NA,NA,"h",NA,NA,NA,NA,NA,NA,NA,"h",NA,NA,NA,NA,NA,NA,NA,NA,NA,NA,NA,NA,"s",NA,"h",NA,NA,"h",NA,NA,NA,"h",NA,NA,"h",NA,"s","genus","Oreojuncus",NA,"[]",NA,1674043,"atctttcttttgagaaaattcgtttttatagaaaaactagaatcaaaaaa","GH_Food"
"FF_GH_00001937","FF_GH_00001937","",1,"AB042240",278,4479,"Poaceae",NA,NA,1,NA,NA,NA,NA,NA,NA,NA,NA,NA,NA,NA,NA,NA,NA,NA,NA,NA,NA,NA,NA,NA,NA,NA,NA,NA,NA,NA,NA,NA,"i","s",NA,NA,NA,NA,NA,NA,NA,NA,NA,NA,NA,NA,NA,NA,NA,NA,NA,NA,NA,NA,NA,NA,NA,NA,NA,NA,NA,NA,NA,NA,NA,NA,NA,"h",NA,NA,NA,NA,NA,NA,NA,NA,NA,NA,"subfamily","Pooideae",NA,"[]",NA,147368,"atccgtgttttgagaaaacaaggggttctcgaactagaatacaaaggaaaag","GH_Food"
"FF_GH_00000079","FF_GH_00000079","",0.954545454545,"AF071845",274,NA,NA,NA,NA,10,NA,NA,NA,"s",NA,NA,"i",NA,NA,NA,NA,"h",NA,NA,NA,NA,NA,NA,NA,NA,NA,"h",NA,NA,NA,NA,NA,NA,NA,NA,NA,NA,NA,"i",NA,NA,NA,NA,NA,NA,NA,NA,NA,NA,NA,NA,NA,NA,NA,NA,NA,NA,"h",NA,NA,NA,NA,NA,NA,NA,NA,NA,NA,NA,NA,NA,NA,NA,NA,NA,NA,NA,NA,"h",NA,"subclass","Bryidae",NA,"['Hamatocaulis vernicosus', 'Glossadelphus glossoides', 'Rhytidiadelphus loreus', 'Plagiothecium euryphyllum', 'Hamatocaulis lapponicus', 'Catagonium nitens']",NA,114658,"attttatttcgttcgaaaataa","GH_Food"
"FF_GH_00006058","FF_GH_00006058","",1,"DQ860607",271,3568,"Caryophyllaceae",NA,NA,1,NA,NA,NA,NA,NA,NA,NA,NA,NA,NA,NA,NA,NA,NA,NA,NA,NA,NA,NA,NA,NA,NA,NA,NA,NA,NA,"s",NA,NA,NA,NA,NA,NA,NA,NA,NA,NA,NA,NA,NA,NA,NA,NA,NA,NA,NA,NA,NA,NA,NA,NA,NA,NA,NA,NA,NA,NA,NA,NA,NA,NA,NA,NA,NA,NA,NA,NA,NA,NA,NA,NA,NA,"h","h",NA,"tribe","Sagineae",NA,"[]",NA,1141483,"ctcctttttttgtctccctttttcaaaagacaaaaaggattcagaaagcaagaataaaacag","GH_Food"
"FF_GH_00022729","FF_GH_00022729","",1,"AY521297",191,3568,"Caryophyllaceae",13273,"Stellaria",1,NA,NA,NA,NA,"h",NA,NA,NA,NA,NA,NA,NA,NA,NA,NA,NA,NA,NA,NA,NA,NA,NA,NA,NA,NA,"s",NA,NA,NA,"s",NA,NA,NA,NA,"h","s",NA,NA,NA,NA,NA,NA,NA,NA,NA,NA,NA,NA,NA,"i",NA,NA,NA,NA,NA,NA,NA,NA,NA,NA,NA,NA,NA,NA,"h",NA,NA,NA,NA,NA,NA,NA,"s",NA,NA,"genus","Stellaria",NA,"[]",NA,13273,"ctccttaaatcgtctcctaaaaaaaaacggattcaaaaagcaagaataaaaaag","GH_Food"
"FF_GH_00019081","FF_GH_00019081","",1,"AB219645",178,4345,"Ericaceae",45894,"Kalmia",1,NA,NA,NA,NA,NA,NA,NA,NA,NA,NA,"s",NA,"h",NA,NA,NA,NA,NA,NA,"s","h",NA,NA,NA,NA,NA,NA,NA,NA,NA,NA,NA,NA,NA,NA,NA,NA,NA,NA,NA,NA,NA,NA,NA,NA,NA,NA,NA,NA,NA,NA,NA,NA,NA,NA,NA,"s",NA,NA,"s",NA,NA,NA,NA,NA,NA,NA,NA,"h","s",NA,NA,NA,NA,NA,"species","Kalmia procumbens",45912,"['Kalmia procumbens']","Kalmia procumbens",45912,"atcctgttttttgcaaacaaacaaagattccgaaagcaaaaaaaaaaaag","GH_Food"
"FF_GH_00033717","FF_GH_00033717","",1,"AB219642",171,4345,"Ericaceae",45894,"Kalmia",1,NA,NA,NA,NA,NA,NA,NA,NA,NA,NA,NA,NA,"h",NA,NA,NA,NA,NA,NA,"h","i",NA,NA,NA,NA,"s",NA,NA,NA,NA,NA,NA,NA,NA,NA,NA,NA,NA,NA,NA,NA,NA,NA,NA,NA,NA,NA,"s",NA,NA,"h",NA,NA,NA,NA,NA,"s",NA,NA,NA,NA,NA,NA,NA,NA,NA,NA,NA,"h",NA,NA,NA,NA,NA,NA,"species","Kalmia procumbens",45912,"['Kalmia procumbens']","Kalmia procumbens",45912,"atcctgttttttgcaaacaaacaaagattccgaaagcaaaaaaaaaaaaag","GH_Food"
"FF_GH_00000525","FF_GH_00000525","",1,"AY039073",132,61531,"Splachnaceae",67440,"Tetraplodon",1,NA,NA,NA,NA,NA,NA,NA,NA,NA,NA,NA,NA,"h",NA,NA,NA,NA,NA,NA,NA,NA,NA,NA,NA,NA,NA,NA,NA,NA,NA,NA,NA,NA,NA,NA,NA,"s",NA,NA,NA,NA,NA,NA,NA,NA,NA,NA,"s",NA,"h","h",NA,NA,NA,NA,"h",NA,NA,NA,"h",NA,NA,NA,NA,NA,NA,NA,NA,NA,NA,NA,NA,"h",NA,NA,"species","Tetraplodon pallidus",166195,"['Tetraplodon pallidus']","Tetraplodon pallidus",166195,"attttatttgatttaaaaataa","GH_Food"
"FF_GH_00005354","FF_GH_00005354","",1,"GQ245130",83,3568,"Caryophyllaceae",1479252,"Sabulina",1,NA,NA,NA,NA,"h",NA,NA,NA,NA,NA,NA,NA,NA,NA,NA,NA,NA,NA,NA,NA,NA,NA,NA,NA,NA,NA,NA,NA,NA,NA,NA,NA,NA,NA,NA,NA,NA,NA,NA,NA,NA,NA,NA,NA,NA,NA,NA,NA,NA,NA,NA,NA,NA,NA,NA,NA,NA,NA,NA,NA,NA,NA,NA,NA,NA,NA,NA,NA,NA,NA,NA,"h",NA,NA,NA,"genus","Sabulina",NA,"[]",NA,1479252,"ctcctcttttttgtccccctttttcaaaaaaaaaaggattcagaaagcaagactaaaaaag","GH_Food"
"FF_GH_00021001","FF_GH_00021001","",1,"GQ244671",49,4345,"Ericaceae",13384,"Calluna",1,NA,NA,"h",NA,NA,NA,NA,NA,NA,NA,NA,NA,NA,NA,NA,NA,NA,NA,NA,NA,NA,NA,NA,NA,NA,"s",NA,NA,NA,NA,NA,NA,NA,NA,NA,NA,NA,NA,NA,NA,NA,NA,NA,NA,NA,NA,NA,NA,NA,NA,NA,NA,NA,NA,NA,NA,NA,NA,NA,NA,NA,NA,NA,NA,NA,NA,NA,NA,NA,NA,NA,NA,NA,NA,NA,"species","Calluna vulgaris",13385,"['Calluna vulgaris']","Calluna vulgaris",13385,"atcctttttttcgcaaacaaacaaagattccgaaaggtaaaaaaaag","GH_Food"
"FF_GH_01653531","FF_GH_01653531","",0.928571428571,"AB685313",1,NA,NA,NA,NA,20,NA,NA,NA,NA,NA,NA,NA,NA,NA,NA,NA,NA,NA,NA,NA,NA,NA,NA,NA,NA,NA,NA,NA,NA,NA,NA,NA,NA,NA,NA,NA,NA,NA,NA,NA,NA,NA,NA,NA,NA,NA,NA,NA,NA,NA,NA,NA,NA,NA,NA,NA,NA,NA,NA,NA,NA,NA,NA,NA,NA,NA,NA,NA,NA,NA,NA,"s",NA,NA,NA,NA,NA,NA,NA,NA,"order","Malpighiales",NA,"[]",NA,3646,"atcctagttttcgaaaacaaacaaagggtcataaaggcagaataagaatacaacag","GH_Food"
